english,target,article,plural,type,register,tags,note,alternatives,article_prompt
decision,Entscheidung,die,Entscheidungen,noun,neutral,"abstract,communication,B1",,,TRUE
feeling,Gefühl,das,Gefühle,noun,neutral,"abstract,emotional,A2",,,TRUE
boundary,Grenze,die,Grenzen,noun,neutral,"abstract,communication,B1",,,TRUE
problem,Problem,das,Probleme,noun,neutral,"abstract,basics,A2",,,TRUE
solution,Lösung,die,Lösungen,noun,neutral,"abstract,communication,B1",,,TRUE
trust,Vertrauen,das,,noun,neutral,"abstract,emotional,B1",Usually uncountable.,,TRUE
responsibility,Verantwortung,die,Verantwortungen,noun,neutral,"abstract,work,B1",Usually used in singular.,,TRUE
clarity,Klarheit,die,,noun,neutral,"abstract,communication,B1",Usually uncountable.,,TRUE
safety,Sicherheit,die,,noun,neutral,"abstract,B1",Also means 'certainty' / 'security'.,,TRUE
fear,Angst,die,Ängste,noun,neutral,"abstract,emotional,A2",,,TRUE
intention,Absicht,die,Absichten,noun,neutral,"abstract,communication,B1",,,TRUE
situation,Situation,die,Situationen,noun,neutral,"abstract,basics,A2",,,TRUE
dynamic,Dynamik,die,Dynamiken,noun,neutral,"abstract,work,B2",,,TRUE
conversation,Gespräch,das,Gespräche,noun,neutral,"abstract,communication,A2",,,TRUE
conflict,Konflikt,der,Konflikte,noun,neutral,"abstract,communication,B1",,,TRUE
misunderstanding,Missverständnis,das,Missverständnisse,noun,neutral,"abstract,communication,B1",,,TRUE
pressure,Druck,der,Drücke,noun,neutral,"abstract,work,B1",'Unter Druck stehen' = to be under pressure.,,TRUE
expectation,Erwartung,die,Erwartungen,noun,neutral,"abstract,work,B1",,,TRUE
possibility,Möglichkeit,die,Möglichkeiten,noun,neutral,"abstract,communication,A2",,,TRUE
consequence,Konsequenz,die,Konsequenzen,noun,neutral,"abstract,work,B1",,,TRUE
result,Ergebnis,das,Ergebnisse,noun,neutral,"abstract,work,A2",,,TRUE
opinion,Meinung,die,Meinungen,noun,neutral,"abstract,communication,A2",,,TRUE
idea,Idee,die,Ideen,noun,neutral,"abstract,basics,A2",,,TRUE
question,Frage,die,Fragen,noun,neutral,"abstract,basics,A1",,,TRUE
answer,Antwort,die,Antworten,noun,neutral,"abstract,basics,A1",,,TRUE
reason,Grund,der,Gründe,noun,neutral,"abstract,communication,A2",,,TRUE
goal,Ziel,das,Ziele,noun,neutral,"abstract,work,A2",,,TRUE
plan,Plan,der,Pläne,noun,neutral,"abstract,work,A2",,,TRUE
task,Aufgabe,die,Aufgaben,noun,neutral,"abstract,work,A2",,,TRUE
challenge,Herausforderung,die,Herausforderungen,noun,neutral,"abstract,work,B1",,,TRUE
condition,Bedingung,die,Bedingungen,noun,neutral,"abstract,work,B1",,,TRUE
requirement,Anforderung,die,Anforderungen,noun,neutral,"abstract,work,B1",,,TRUE
rule,Regel,die,Regeln,noun,neutral,"abstract,basics,A2",,,TRUE
risk,Risiko,das,Risiken,noun,neutral,"abstract,work,B1",,,TRUE
priority,Priorität,die,Prioritäten,noun,neutral,"abstract,work,B1",,,TRUE
progress,Fortschritt,der,Fortschritte,noun,neutral,"abstract,work,B1",,,TRUE
change,Änderung,die,Änderungen,noun,neutral,"abstract,work,B1",,,TRUE
effort,Aufwand,der,Aufwände,noun,neutral,"abstract,work,B1",Also 'Aufwände' in plural; sometimes uncountable.,,TRUE
mistake,Fehler,der,Fehler,noun,neutral,"abstract,basics,A2",Plural same as singular.,,TRUE
experience,Erfahrung,die,Erfahrungen,noun,neutral,"abstract,work,B1",,,TRUE
success,Erfolg,der,Erfolge,noun,neutral,"abstract,work,A2",,,TRUE
failure,Misserfolg,der,Misserfolge,noun,neutral,"abstract,work,B1",,,TRUE
agreement,Einigung,die,Einigungen,noun,neutral,"abstract,work,B1",,,TRUE
disagreement,Meinungsverschiedenheit,die,Meinungsverschiedenheiten,noun,neutral,"abstract,communication,B2",,,TRUE
suggestion,Vorschlag,der,Vorschläge,noun,neutral,"abstract,communication,B1",,,TRUE
compromise,Kompromiss,der,Kompromisse,noun,neutral,"abstract,work,B1",,,TRUE
feedback,Feedback,das,,noun,neutral,"abstract,work,B1",Usually uncountable.,,TRUE
support,Unterstützung,die,,noun,neutral,"abstract,work,B1",Usually uncountable.,,TRUE
help,Hilfe,die,,noun,neutral,"abstract,basics,A1",Usually uncountable.,,TRUE
opportunity,Gelegenheit,die,Gelegenheiten,noun,neutral,"abstract,communication,B1",,,TRUE
approach,Ansatz,der,Ansätze,noun,neutral,"abstract,work,B1",,,TRUE
difference,Unterschied,der,Unterschiede,noun,neutral,"abstract,basics,A2",,,TRUE
similarity,Gemeinsamkeit,die,Gemeinsamkeiten,noun,neutral,"abstract,communication,B1",,,TRUE
detail,Detail,das,Details,noun,neutral,"abstract,work,A2",,,TRUE
overview,Überblick,der,Überblicke,noun,neutral,"abstract,work,B1",,,TRUE
example,Beispiel,das,Beispiele,noun,neutral,"abstract,basics,A2",,,TRUE
context,Kontext,der,Kontexte,noun,neutral,"abstract,work,B1",,,TRUE
meaning,Bedeutung,die,Bedeutungen,noun,neutral,"abstract,basics,A2",,,TRUE
value,Wert,der,Werte,noun,neutral,"abstract,work,B1",,,TRUE
quality,Qualität,die,Qualitäten,noun,neutral,"abstract,work,B1",,,TRUE
quantity,Menge,die,Mengen,noun,neutral,"abstract,basics,A2",,,TRUE
need,Bedarf,der,Bedarfe,noun,neutral,"abstract,work,B1",'Bedürfnis' is also used for personal needs.,,TRUE
information,Information,die,Informationen,noun,neutral,"abstract,basics,A2",,,TRUE
data,Daten,die,,noun,neutral,"abstract,work,A2",Always plural in German.,,TRUE
document,Dokument,das,Dokumente,noun,neutral,"abstract,work,A2",,,TRUE
message,Nachricht,die,Nachrichten,noun,neutral,"communication,basics,A2",,,TRUE
email,E-Mail,die,E-Mails,noun,neutral,"communication,work,A1",Die E-Mail — feminine.,,TRUE
subject line,Betreff,der,,noun,neutral,"communication,work,B1",Usually used in singular.,,TRUE
attachment,Anhang,der,Anhänge,noun,neutral,"communication,work,B1",,,TRUE
file,Datei,die,Dateien,noun,neutral,"work,digital,A2",,,TRUE
folder,Ordner,der,Ordner,noun,neutral,"work,digital,A2",Plural same as singular.,,TRUE
version,Version,die,Versionen,noun,neutral,"work,digital,B1",,,TRUE
update,Update,das,Updates,noun,neutral,"work,digital,B1",,,TRUE
export,Export,der,Exporte,noun,neutral,"work,digital,B1",,,TRUE
import,Import,der,Importe,noun,neutral,"work,digital,B1",,,TRUE
format,Format,das,Formate,noun,neutral,"work,digital,A2",,,TRUE
model (BIM),Modell,das,Modelle,noun,neutral,"bim,work,A2",,,TRUE
parameter,Parameter,der,Parameter,noun,neutral,"bim,work,B1",Plural same as singular.,,TRUE
layer,Ebene,die,Ebenen,noun,neutral,"bim,work,B1",Also means 'level' or 'plane'.,,TRUE
element,Element,das,Elemente,noun,neutral,"bim,work,A2",,,TRUE
component,Bauteil,das,Bauteile,noun,neutral,"bim,architecture,B1",,,TRUE
storey / floor,Geschoss,das,Geschosse,noun,neutral,"bim,architecture,B1",Erdgeschoss = ground floor.,,TRUE
drawing,Zeichnung,die,Zeichnungen,noun,neutral,"bim,architecture,A2",,,TRUE
plan (architectural),Grundriss,der,Grundrisse,noun,neutral,"bim,architecture,B1",Specifically a floor plan.,,TRUE
section (architectural),Schnitt,der,Schnitte,noun,neutral,"bim,architecture,B1",,,TRUE
elevation,Ansicht,die,Ansichten,noun,neutral,"bim,architecture,B1",Also means 'view' or 'opinion'.,,TRUE
detail drawing,Detailzeichnung,die,Detailzeichnungen,noun,neutral,"bim,architecture,B1",,,TRUE
coordination,Koordination,die,Koordinationen,noun,neutral,"bim,work,B1",,,TRUE
clash,Kollision,die,Kollisionen,noun,neutral,"bim,work,B1",In BIM context: model clash.,,TRUE
interface,Schnittstelle,die,Schnittstellen,noun,neutral,"bim,work,B1",Also used in IT.,,TRUE
workflow,Workflow,der,Workflows,noun,neutral,"bim,work,B1",,,TRUE
deadline,Frist,die,Fristen,noun,neutral,"work,B1","Also: Deadline (das, anglicism).",,TRUE
milestone,Meilenstein,der,Meilensteine,noun,neutral,"work,B1",,,TRUE
meeting,Besprechung,die,Besprechungen,noun,neutral,"work,B1",More formal than 'Meeting'.,Meeting,TRUE
protocol / minutes,Protokoll,das,Protokolle,noun,neutral,"work,B1",,,TRUE
report,Bericht,der,Berichte,noun,neutral,"work,A2",,,TRUE
presentation,Präsentation,die,Präsentationen,noun,neutral,"work,A2",,,TRUE
contract,Vertrag,der,Verträge,noun,neutral,"work,B1",,,TRUE
invoice,Rechnung,die,Rechnungen,noun,neutral,"work,A2",Also: restaurant bill.,,TRUE
budget,Budget,das,Budgets,noun,neutral,"work,B1",,,TRUE
project,Projekt,das,Projekte,noun,neutral,"work,A2",,,TRUE
phase,Phase,die,Phasen,noun,neutral,"work,bim,A2",,,TRUE
process,Prozess,der,Prozesse,noun,neutral,"work,B1",,,TRUE
procedure,Vorgehensweise,die,Vorgehensweisen,noun,neutral,"work,B2",,,TRUE
structure,Struktur,die,Strukturen,noun,neutral,"work,bim,B1",,,TRUE
system,System,das,Systeme,noun,neutral,"work,bim,A2",,,TRUE
network,Netzwerk,das,Netzwerke,noun,neutral,"work,digital,B1",,,TRUE
platform,Plattform,die,Plattformen,noun,neutral,"work,digital,B1",,,TRUE
tool,Werkzeug,das,Werkzeuge,noun,neutral,"work,basics,A2",,,TRUE
software,Software,die,,noun,neutral,"work,digital,A2",Usually uncountable.,,TRUE
program,Programm,das,Programme,noun,neutral,"work,digital,A2",,,TRUE
interface (UI),Benutzeroberfläche,die,Benutzeroberflächen,noun,neutral,"work,digital,B2",,,TRUE
server,Server,der,Server,noun,neutral,"work,digital,B1",Plural same as singular.,,TRUE
cloud (digital),Cloud,die,,noun,neutral,"work,digital,A2",,,TRUE
database,Datenbank,die,Datenbanken,noun,neutral,"work,digital,B1",,,TRUE
person,Person,die,Personen,noun,neutral,"people,basics,A1",,,TRUE
man,Mann,der,Männer,noun,neutral,"people,basics,A1",,,TRUE
woman,Frau,die,Frauen,noun,neutral,"people,basics,A1",Also: 'Mrs'.,,TRUE
child,Kind,das,Kinder,noun,neutral,"people,basics,A1",,,TRUE
boy,Junge,der,Jungen,noun,neutral,"people,basics,A1",,,TRUE
girl,Mädchen,das,Mädchen,noun,neutral,"people,basics,A1",Neuter despite referring to a female. Plural same as singular.,,TRUE
friend,Freund / Freundin,der,Freunde,noun,neutral,"people,basics,A1",Also: boyfriend / girlfriend depending on context.,,TRUE
partner,Partner / Partnerin,der,Partner,noun,neutral,"people,relationships,A2",Plural same as singular for masculine.,,TRUE
husband,Ehemann,der,Ehemänner,noun,neutral,"people,relationships,A2",,,TRUE
wife,Ehefrau,die,Ehefrauen,noun,neutral,"people,relationships,A2",,,TRUE
colleague,Kollege / Kollegin,der,Kollegen,noun,neutral,"people,work,A2",,,TRUE
boss,Chef / Chefin,der,Chefs,noun,neutral,"people,work,A2",,,TRUE
employee,Mitarbeiter / Mitarbeiterin,der,Mitarbeiter,noun,neutral,"people,work,A2",Plural same as singular.,,TRUE
customer,Kunde / Kundin,der,Kunden,noun,neutral,"people,work,A2",,,TRUE
client,Auftraggeber / Auftraggeberin,der,Auftraggeber,noun,neutral,"people,work,B1",More specific than Kunde.,,TRUE
neighbour,Nachbar / Nachbarin,der,Nachbarn,noun,neutral,"people,basics,A2",,,TRUE
stranger,fremde Person,die,fremde Personen,noun,neutral,"people,B1",Common gender-neutral phrasing; avoids der/die ambiguity.,,TRUE
family,Familie,die,Familien,noun,neutral,"people,basics,A1",,,TRUE
parent,Elternteil,das,Elternteile,noun,neutral,"people,basics,A2",'Eltern' (plural only) = parents.,,TRUE
father,Vater,der,Väter,noun,neutral,"people,basics,A1",,,TRUE
mother,Mutter,die,Mütter,noun,neutral,"people,basics,A1",,,TRUE
brother,Bruder,der,Brüder,noun,neutral,"people,basics,A1",,,TRUE
sister,Schwester,die,Schwestern,noun,neutral,"people,basics,A1",,,TRUE
house,Haus,das,Häuser,noun,neutral,"home,basics,A1",,,TRUE
apartment,Wohnung,die,Wohnungen,noun,neutral,"home,basics,A1",,,TRUE
room,Zimmer,das,Zimmer,noun,neutral,"home,basics,A1",Plural same as singular.,,TRUE
kitchen,Küche,die,Küchen,noun,neutral,"home,basics,A1",,,TRUE
bathroom,Bad,das,Bäder,noun,neutral,"home,basics,A1",,,TRUE
bedroom,Schlafzimmer,das,Schlafzimmer,noun,neutral,"home,basics,A1",Plural same as singular.,,TRUE
living room,Wohnzimmer,das,Wohnzimmer,noun,neutral,"home,basics,A1",Plural same as singular.,,TRUE
hallway,Flur,der,Flure,noun,neutral,"home,basics,A2",,,TRUE
balcony,Balkon,der,Balkone,noun,neutral,"home,A2",Also: Balkons (less formal).,,TRUE
cellar,Keller,der,Keller,noun,neutral,"home,A2",Plural same as singular.,,TRUE
attic,Dachboden,der,Dachböden,noun,neutral,"home,A2",,,TRUE
garden,Garten,der,Gärten,noun,neutral,"home,basics,A1",,,TRUE
floor (level),Etage,die,Etagen,noun,neutral,"home,basics,A2",,Stockwerk,TRUE
staircase,Treppe,die,Treppen,noun,neutral,"home,architecture,A2",,,TRUE
lift / elevator,Aufzug,der,Aufzüge,noun,neutral,"home,travel,A2",,,TRUE
entrance,Eingang,der,Eingänge,noun,neutral,"home,architecture,A2",,,TRUE
exit,Ausgang,der,Ausgänge,noun,neutral,"home,transport,A2",,,TRUE
door,Tür,die,Türen,noun,neutral,"home,basics,A1",,,TRUE
window,Fenster,das,Fenster,noun,neutral,"home,basics,A1",Plural same as singular.,,TRUE
wall,Wand,die,Wände,noun,neutral,"home,architecture,A2",Interior wall. 'Mauer' = exterior/free-standing wall.,,TRUE
ceiling,Decke,die,Decken,noun,neutral,"home,architecture,A2",Also means 'blanket'.,,TRUE
floor (surface),Boden,der,Böden,noun,neutral,"home,architecture,A1",Also: ground.,,TRUE
roof,Dach,das,Dächer,noun,neutral,"home,architecture,A2",,,TRUE
step / stair,Stufe,die,Stufen,noun,neutral,"home,architecture,A2",,,TRUE
railing,Geländer,das,Geländer,noun,neutral,"home,architecture,B1",Plural same as singular.,,TRUE
column / pillar,Stütze,die,Stützen,noun,neutral,"bim,architecture,B1",,,TRUE
beam,Träger,der,Träger,noun,neutral,"bim,architecture,B1",Plural same as singular.,,TRUE
slab / ceiling structure,Deckenplatte,die,Deckenplatten,noun,neutral,"bim,architecture,B2",,,TRUE
facade,Fassade,die,Fassaden,noun,neutral,"bim,architecture,B1",,,TRUE
opening,Öffnung,die,Öffnungen,noun,neutral,"bim,architecture,B1",,,TRUE
shaft,Schacht,der,Schächte,noun,neutral,"bim,architecture,B2",,,TRUE
corridor / hallway,Korridor,der,Korridore,noun,neutral,"bim,architecture,B1",,,TRUE
stairwell,Treppenhaus,das,Treppenhäuser,noun,neutral,"home,architecture,B1",,,TRUE
garage,Garage,die,Garagen,noun,neutral,"home,A2",,,TRUE
key,Schlüssel,der,Schlüssel,noun,neutral,"home,basics,A1",Plural same as singular.,,TRUE
lock,Schloss,das,Schlösser,noun,neutral,"home,basics,A2",Also: castle.,,TRUE
furniture,Möbel,die,,noun,neutral,"home,basics,A2",Always plural.,,TRUE
table,Tisch,der,Tische,noun,neutral,"home,basics,A1",,,TRUE
chair,Stuhl,der,Stühle,noun,neutral,"home,basics,A1",,,TRUE
sofa,Sofa,das,Sofas,noun,neutral,"home,basics,A1",,,TRUE
bed,Bett,das,Betten,noun,neutral,"home,basics,A1",,,TRUE
shelf,Regal,das,Regale,noun,neutral,"home,basics,A2",,,TRUE
wardrobe,Kleiderschrank,der,Kleiderschränke,noun,neutral,"home,basics,A2",,,TRUE
desk,Schreibtisch,der,Schreibtische,noun,neutral,"home,work,A2",,,TRUE
lamp,Lampe,die,Lampen,noun,neutral,"home,basics,A1",,,TRUE
carpet / rug,Teppich,der,Teppiche,noun,neutral,"home,basics,A2",,,TRUE
curtain,Vorhang,der,Vorhänge,noun,neutral,"home,A2",,,TRUE
mirror,Spiegel,der,Spiegel,noun,neutral,"home,basics,A2",Plural same as singular.,,TRUE
refrigerator,Kühlschrank,der,Kühlschränke,noun,neutral,"home,basics,A2",,,TRUE
oven,Ofen,der,Öfen,noun,neutral,"home,basics,A2",Also: heating stove.,,TRUE
washing machine,Waschmaschine,die,Waschmaschinen,noun,neutral,"home,A2",,,TRUE
dishwasher,Spülmaschine,die,Spülmaschinen,noun,neutral,"home,A2",,,TRUE
heating,Heizung,die,Heizungen,noun,neutral,"home,A2",,,TRUE
air conditioning,Klimaanlage,die,Klimaanlagen,noun,neutral,"home,travel,A2",,,TRUE
towel,Handtuch,das,Handtücher,noun,neutral,"home,travel,A2",,,TRUE
shower,Dusche,die,Duschen,noun,neutral,"home,travel,A2",,,TRUE
bathtub,Badewanne,die,Badewannen,noun,neutral,"home,A2",,,TRUE
toilet,Toilette,die,Toiletten,noun,neutral,"home,basics,A1",,,TRUE
sink,Waschbecken,das,Waschbecken,noun,neutral,"home,basics,A2",Plural same as singular.,,TRUE
tap / faucet,Wasserhahn,der,Wasserhähne,noun,neutral,"home,A2",,,TRUE
water,Wasser,das,,noun,neutral,"food,basics,A1",Usually uncountable.,,TRUE
coffee,Kaffee,der,Kaffees,noun,neutral,"food,basics,A1",,,TRUE
tea,Tee,der,Tees,noun,neutral,"food,basics,A1",,,TRUE
beer,Bier,das,Biere,noun,neutral,"food,basics,A1",,,TRUE
wine,Wein,der,Weine,noun,neutral,"food,basics,A1",,,TRUE
juice,Saft,der,Säfte,noun,neutral,"food,basics,A1",,,TRUE
milk,Milch,die,,noun,neutral,"food,basics,A1",Usually uncountable.,,TRUE
bread,Brot,das,Brote,noun,neutral,"food,basics,A1",,,TRUE
roll (bread),Brötchen,das,Brötchen,noun,neutral,"food,basics,A1",Plural same as singular.,,TRUE
butter,Butter,die,,noun,neutral,"food,basics,A1",Usually uncountable.,,TRUE
cheese,Käse,der,Käse,noun,neutral,"food,basics,A1",Plural same as singular.,,TRUE
egg,Ei,das,Eier,noun,neutral,"food,basics,A1",,,TRUE
meat,Fleisch,das,,noun,neutral,"food,basics,A1",Usually uncountable.,,TRUE
chicken,Hähnchen,das,Hähnchen,noun,neutral,"food,restaurant,A2",Plural same as singular. Also: Huhn (the bird).,,TRUE
beef,Rindfleisch,das,,noun,neutral,"food,restaurant,B1",Usually uncountable.,,TRUE
pork,Schweinefleisch,das,,noun,neutral,"food,restaurant,B1",Usually uncountable.,,TRUE
fish,Fisch,der,Fische,noun,neutral,"food,basics,A1",,,TRUE
vegetable,Gemüse,das,,noun,neutral,"food,basics,A1",Usually uncountable.,,TRUE
salad,Salat,der,Salate,noun,neutral,"food,restaurant,A1",,,TRUE
soup,Suppe,die,Suppen,noun,neutral,"food,restaurant,A1",,,TRUE
pasta,Nudeln,die,,noun,neutral,"food,basics,A1",Usually plural.,,TRUE
rice,Reis,der,,noun,neutral,"food,basics,A1",Usually uncountable.,,TRUE
fruit,Obst,das,,noun,neutral,"food,basics,A1",Usually uncountable.,,TRUE
apple,Apfel,der,Äpfel,noun,neutral,"food,basics,A1",,,TRUE
banana,Banane,die,Bananen,noun,neutral,"food,basics,A1",,,TRUE
potato,Kartoffel,die,Kartoffeln,noun,neutral,"food,basics,A1",,,TRUE
tomato,Tomate,die,Tomaten,noun,neutral,"food,basics,A1",,,TRUE
onion,Zwiebel,die,Zwiebeln,noun,neutral,"food,basics,A1",,,TRUE
garlic,Knoblauch,der,,noun,neutral,"food,cooking,A2",Usually uncountable.,,TRUE
salt,Salz,das,,noun,neutral,"food,basics,A1",Usually uncountable.,,TRUE
pepper,Pfeffer,der,,noun,neutral,"food,basics,A1",Usually uncountable.,,TRUE
sugar,Zucker,der,,noun,neutral,"food,basics,A1",Usually uncountable.,,TRUE
oil,Öl,das,Öle,noun,neutral,"food,cooking,A2",,,TRUE
sauce,Soße,die,Soßen,noun,neutral,"food,restaurant,A2",,,TRUE
dessert,Nachspeise,die,Nachspeisen,noun,neutral,"food,restaurant,A2",,,TRUE
cake,Kuchen,der,Kuchen,noun,neutral,"food,basics,A1",Plural same as singular.,,TRUE
chocolate,Schokolade,die,Schokoladen,noun,neutral,"food,basics,A1",,,TRUE
ice cream,Eis,das,,noun,neutral,"food,basics,A1",Usually uncountable. Also: ice.,,TRUE
menu,Speisekarte,die,Speisekarten,noun,neutral,"food,restaurant,A1",,,TRUE
dish / meal,Gericht,das,Gerichte,noun,neutral,"food,restaurant,A2",,,TRUE
portion,Portion,die,Portionen,noun,neutral,"food,restaurant,A2",,,TRUE
tip (gratuity),Trinkgeld,das,Trinkgelder,noun,neutral,"food,restaurant,B1",,,TRUE
reservation,Reservierung,die,Reservierungen,noun,neutral,"food,hotel,A2",,,TRUE
city,Stadt,die,Städte,noun,neutral,"city,basics,A1",,,TRUE
village,Dorf,das,Dörfer,noun,neutral,"city,basics,A2",,,TRUE
street,Straße,die,Straßen,noun,neutral,"city,basics,A1",,,TRUE
square (town),Platz,der,Plätze,noun,neutral,"city,basics,A2",Also: seat / space.,,TRUE
bridge,Brücke,die,Brücken,noun,neutral,"city,basics,A2",,,TRUE
park,Park,der,Parks,noun,neutral,"city,basics,A1",,,TRUE
church,Kirche,die,Kirchen,noun,neutral,"city,basics,A1",,,TRUE
museum,Museum,das,Museen,noun,neutral,"city,basics,A2",,,TRUE
hospital,Krankenhaus,das,Krankenhäuser,noun,neutral,"city,health,A2",,,TRUE
pharmacy,Apotheke,die,Apotheken,noun,neutral,"city,health,A1",,,TRUE
school,Schule,die,Schulen,noun,neutral,"city,basics,A1",,,TRUE
university,Universität,die,Universitäten,noun,neutral,"city,basics,A2",,,TRUE
office,Büro,das,Büros,noun,neutral,"city,work,A2",,,TRUE
factory,Fabrik,die,Fabriken,noun,neutral,"city,work,B1",,,TRUE
shop,Geschäft,das,Geschäfte,noun,neutral,"city,shopping,A1",,,TRUE
supermarket,Supermarkt,der,Supermärkte,noun,neutral,"city,shopping,A1",,,TRUE
bakery,Bäckerei,die,Bäckereien,noun,neutral,"city,food,A1",,,TRUE
bank,Bank,die,Banken,noun,neutral,"city,basics,A1",Also: bench (feminine same).,,TRUE
post office,Post,die,,noun,neutral,"city,basics,A1",Also: mail.,,TRUE
hotel,Hotel,das,Hotels,noun,neutral,"city,travel,A1",,,TRUE
restaurant,Restaurant,das,Restaurants,noun,neutral,"city,food,A1",,,TRUE
café,Café,das,Cafés,noun,neutral,"city,food,A1",,,TRUE
bar,Bar,die,Bars,noun,neutral,"city,food,A2",,,TRUE
station (train),Bahnhof,der,Bahnhöfe,noun,neutral,"city,transport,A1",,,TRUE
platform (train),Gleis,das,Gleise,noun,neutral,"city,transport,A1",,,TRUE
airport,Flughafen,der,Flughäfen,noun,neutral,"city,transport,A1",,,TRUE
bus stop,Bushaltestelle,die,Bushaltestellen,noun,neutral,"city,transport,A1",,,TRUE
tram stop,Straßenbahnhaltestelle,die,Straßenbahnhaltestellen,noun,neutral,"city,transport,A2",,,TRUE
car park,Parkplatz,der,Parkplätze,noun,neutral,"city,transport,A2",,,TRUE
traffic light,Ampel,die,Ampeln,noun,neutral,"city,transport,A2",,,TRUE
crossroads,Kreuzung,die,Kreuzungen,noun,neutral,"city,transport,A2",,,TRUE
corner,Ecke,die,Ecken,noun,neutral,"city,basics,A2",,,TRUE
roundabout,Kreisverkehr,der,Kreisverkehre,noun,neutral,"city,transport,B1",,,TRUE
pavement / footpath,Bürgersteig,der,Bürgersteige,noun,neutral,"city,transport,B1",,,TRUE
building,Gebäude,das,Gebäude,noun,neutral,"city,architecture,A2",Plural same as singular.,,TRUE
construction site,Baustelle,die,Baustellen,noun,neutral,"city,bim,B1",,,TRUE
car,Auto,das,Autos,noun,neutral,"transport,basics,A1",,,TRUE
bus,Bus,der,Busse,noun,neutral,"transport,basics,A1",,,TRUE
train,Zug,der,Züge,noun,neutral,"transport,basics,A1",,,TRUE
tram,Straßenbahn,die,Straßenbahnen,noun,neutral,"transport,basics,A1",,,TRUE
underground,U-Bahn,die,U-Bahnen,noun,neutral,"transport,basics,A1",Short for Untergrundbahn.,,TRUE
taxi,Taxi,das,Taxis,noun,neutral,"transport,basics,A1",,,TRUE
bicycle,Fahrrad,das,Fahrräder,noun,neutral,"transport,basics,A1",,,TRUE
motorbike,Motorrad,das,Motorräder,noun,neutral,"transport,A2",,,TRUE
plane,Flugzeug,das,Flugzeuge,noun,neutral,"transport,travel,A1",,,TRUE
ship,Schiff,das,Schiffe,noun,neutral,"transport,travel,A2",,,TRUE
ticket,Fahrkarte,die,Fahrkarten,noun,neutral,"transport,basics,A1",,,TRUE
timetable,Fahrplan,der,Fahrpläne,noun,neutral,"transport,A1",,,TRUE
delay,Verspätung,die,Verspätungen,noun,neutral,"transport,basics,A2",,,TRUE
connection,Anschluss,der,Anschlüsse,noun,neutral,"transport,B1",,,TRUE
departure,Abfahrt,die,Abfahrten,noun,neutral,"transport,A2",'Abflug' for flight departures.,,TRUE
arrival,Ankunft,die,Ankünfte,noun,neutral,"transport,A2",,,TRUE
journey / trip,Reise,die,Reisen,noun,neutral,"transport,travel,A1",,,TRUE
trip (short),Ausflug,der,Ausflüge,noun,neutral,"transport,travel,A2",,,TRUE
luggage,Gepäck,das,,noun,neutral,"transport,travel,A2",Usually uncountable.,,TRUE
suitcase,Koffer,der,Koffer,noun,neutral,"transport,travel,A2",Plural same as singular.,,TRUE
boarding pass,Bordkarte,die,Bordkarten,noun,neutral,"transport,travel,A2",,,TRUE
passport,Reisepass,der,Reisepässe,noun,neutral,"transport,travel,A2",,,TRUE
visa,Visum,das,Visa,noun,neutral,"transport,travel,B1",,,TRUE
flight,Flug,der,Flüge,noun,neutral,"transport,travel,A1",,,TRUE
gate,Gate,das,Gates,noun,neutral,"transport,travel,A2",,,TRUE
check-in,Check-in,der,,noun,neutral,"transport,travel,A2",,,TRUE
seat,Sitz,der,Sitze,noun,neutral,"transport,travel,A2",,,TRUE
window seat,Fensterplatz,der,Fensterplätze,noun,neutral,"transport,travel,B1",,,TRUE
day,Tag,der,Tage,noun,neutral,"time,basics,A1",,,TRUE
week,Woche,die,Wochen,noun,neutral,"time,basics,A1",,,TRUE
month,Monat,der,Monate,noun,neutral,"time,basics,A1",,,TRUE
year,Jahr,das,Jahre,noun,neutral,"time,basics,A1",,,TRUE
hour,Stunde,die,Stunden,noun,neutral,"time,basics,A1",,,TRUE
minute,Minute,die,Minuten,noun,neutral,"time,basics,A1",,,TRUE
second,Sekunde,die,Sekunden,noun,neutral,"time,basics,A2",,,TRUE
morning,Morgen,der,Morgen,noun,neutral,"time,basics,A1",Plural same as singular.,,TRUE
afternoon,Nachmittag,der,Nachmittage,noun,neutral,"time,basics,A1",,,TRUE
evening,Abend,der,Abende,noun,neutral,"time,basics,A1",,,TRUE
night,Nacht,die,Nächte,noun,neutral,"time,basics,A1",,,TRUE
midday,Mittag,der,Mittage,noun,neutral,"time,basics,A1",,,TRUE
midnight,Mitternacht,die,,noun,neutral,"time,basics,A2",Usually uncountable.,,TRUE
weekend,Wochenende,das,Wochenenden,noun,neutral,"time,basics,A1",,,TRUE
holiday,Urlaub,der,Urlaube,noun,neutral,"time,travel,A1",,,TRUE
public holiday,Feiertag,der,Feiertage,noun,neutral,"time,basics,A2",,,TRUE
appointment,Termin,der,Termine,noun,neutral,"time,work,A2",,,TRUE
schedule,Zeitplan,der,Zeitpläne,noun,neutral,"time,work,B1",,,TRUE
calendar,Kalender,der,Kalender,noun,neutral,"time,work,A2",Plural same as singular.,,TRUE
date,Datum,das,Daten,noun,neutral,"time,basics,A2",'Daten' also = data — context distinguishes them.,,TRUE
beginning,Anfang,der,Anfänge,noun,neutral,"time,basics,A2",,,TRUE
end,Ende,das,Enden,noun,neutral,"time,basics,A1",,,TRUE
duration,Dauer,die,,noun,neutral,"time,B1",Usually uncountable.,,TRUE
period / timeframe,Zeitraum,der,Zeiträume,noun,neutral,"time,work,B1",,,TRUE
delay (general),Verzögerung,die,Verzögerungen,noun,neutral,"time,work,B1",,,TRUE
health,Gesundheit,die,,noun,neutral,"health,basics,A2",Usually uncountable.,,TRUE
illness,Krankheit,die,Krankheiten,noun,neutral,"health,basics,A2",,,TRUE
pain,Schmerz,der,Schmerzen,noun,neutral,"health,basics,A2",Often used in plural: 'Schmerzen haben'.,,TRUE
headache,Kopfschmerzen,die,,noun,neutral,"health,basics,A2",Always plural.,,TRUE
fever,Fieber,das,,noun,neutral,"health,basics,A2",Usually uncountable.,,TRUE
allergy,Allergie,die,Allergien,noun,neutral,"health,basics,A2",,,TRUE
medicine,Medikament,das,Medikamente,noun,neutral,"health,basics,A2",,,TRUE
prescription,Rezept,das,Rezepte,noun,neutral,"health,basics,B1",Also: recipe.,,TRUE
doctor,Arzt / Ärztin,der,Ärzte,noun,neutral,"health,basics,A1",,,TRUE
nurse,Krankenpfleger / Krankenpflegerin,der,Krankenpfleger,noun,neutral,"health,B1",Plural same as singular for masculine.,,TRUE
emergency,Notfall,der,Notfälle,noun,neutral,"health,emergency,A2",,,TRUE
ambulance,Krankenwagen,der,Krankenwagen,noun,neutral,"health,emergency,A2",Plural same as singular.,,TRUE
operation,Operation,die,Operationen,noun,neutral,"health,B1",,,TRUE
appointment (medical),Termin,der,Termine,noun,neutral,"health,A2",Same word as work appointment.,,TRUE
insurance,Versicherung,die,Versicherungen,noun,neutral,"health,work,B1",,,TRUE
word,Wort,das,Wörter,noun,neutral,"language,basics,A1",'Wörter' = individual words; 'Worte' = words with meaning/weight.,,TRUE
sentence,Satz,der,Sätze,noun,neutral,"language,basics,A2",,,TRUE
text,Text,der,Texte,noun,neutral,"language,basics,A2",,,TRUE
language,Sprache,die,Sprachen,noun,neutral,"language,basics,A1",,,TRUE
translation,Übersetzung,die,Übersetzungen,noun,neutral,"language,B1",,,TRUE
vocabulary,Vokabular,das,Vokabulare,noun,neutral,"language,B1",,,TRUE
grammar,Grammatik,die,,noun,neutral,"language,A2",Usually uncountable.,,TRUE
accent,Akzent,der,Akzente,noun,neutral,"language,B1",,,TRUE
pronunciation,Aussprache,die,,noun,neutral,"language,B1",Usually uncountable.,,TRUE
phone,Handy,das,Handys,noun,neutral,"communication,basics,A1",Handy is the standard German word (originally from English but used differently).,,TRUE
call,Anruf,der,Anrufe,noun,neutral,"communication,basics,A1",,,TRUE
text message,Nachricht,die,Nachrichten,noun,neutral,"communication,basics,A1",,,TRUE
voice message,Sprachnachricht,die,Sprachnachrichten,noun,neutral,"communication,B1",,,TRUE
notification,Benachrichtigung,die,Benachrichtigungen,noun,neutral,"communication,digital,B1",,,TRUE
chat,Chat,der,Chats,noun,neutral,"communication,digital,A2",,,TRUE
video call,Videoanruf,der,Videoanrufe,noun,neutral,"communication,work,B1",,,TRUE
meeting (online),Online-Meeting,das,Online-Meetings,noun,neutral,"communication,work,B1",,,TRUE
address,Adresse,die,Adressen,noun,neutral,"communication,basics,A2",,,TRUE
number,Nummer,die,Nummern,noun,neutral,"communication,basics,A1",,,TRUE
password,Passwort,das,Passwörter,noun,neutral,"communication,digital,A2",,,TRUE
username,Benutzername,der,Benutzernamen,noun,neutral,"communication,digital,B1",,,TRUE
link,Link,der,Links,noun,neutral,"communication,digital,A2",,,TRUE
website,Website,die,Websites,noun,neutral,"communication,digital,A2",,,TRUE
body,Körper,der,Körper,noun,neutral,"health,basics,A2",Plural same as singular.,,TRUE
head,Kopf,der,Köpfe,noun,neutral,"health,basics,A1",,,TRUE
face,Gesicht,das,Gesichter,noun,neutral,"health,basics,A2",,,TRUE
eye,Auge,das,Augen,noun,neutral,"health,basics,A1",,,TRUE
ear,Ohr,das,Ohren,noun,neutral,"health,basics,A1",,,TRUE
nose,Nase,die,Nasen,noun,neutral,"health,basics,A1",,,TRUE
mouth,Mund,der,Münder,noun,neutral,"health,basics,A1",,,TRUE
hand,Hand,die,Hände,noun,neutral,"health,basics,A1",,,TRUE
arm,Arm,der,Arme,noun,neutral,"health,basics,A1",,,TRUE
leg,Bein,das,Beine,noun,neutral,"health,basics,A1",,,TRUE
foot,Fuß,der,Füße,noun,neutral,"health,basics,A1",,,TRUE
back,Rücken,der,Rücken,noun,neutral,"health,basics,A2",Plural same as singular.,,TRUE
stomach,Bauch,der,Bäuche,noun,neutral,"health,basics,A2",,,TRUE
heart,Herz,das,Herzen,noun,neutral,"health,basics,A2",,,TRUE
chest,Brust,die,Brüste,noun,neutral,"health,basics,A2",,,TRUE
shoulder,Schulter,die,Schultern,noun,neutral,"health,basics,A2",,,TRUE
neck,Hals,der,Hälse,noun,neutral,"health,basics,A2",Also: throat.,,TRUE
money,Geld,das,,noun,neutral,"basics,A1",Usually uncountable.,,TRUE
price,Preis,der,Preise,noun,neutral,"shopping,basics,A1",,,TRUE
cost,Kosten,die,,noun,neutral,"work,shopping,A2",Always plural.,,TRUE
payment,Zahlung,die,Zahlungen,noun,neutral,"shopping,work,B1",,,TRUE
cash,Bargeld,das,,noun,neutral,"shopping,basics,A2",Usually uncountable.,,TRUE
card,Karte,die,Karten,noun,neutral,"shopping,basics,A1","Payment card, map, or card in general.",,TRUE
receipt,Quittung,die,Quittungen,noun,neutral,"shopping,basics,A2",,,TRUE
discount,Rabatt,der,Rabatte,noun,neutral,"shopping,B1",,,TRUE
offer / deal,Angebot,das,Angebote,noun,neutral,"shopping,B1",,,TRUE
bag,Tasche,die,Taschen,noun,neutral,"shopping,basics,A1",Also: handbag.,,TRUE
wallet,Geldbörse,die,Geldbörsen,noun,neutral,"shopping,basics,A2",,Portemonnaie,TRUE
size,Größe,die,Größen,noun,neutral,"shopping,basics,A2",Also means 'height'.,,TRUE
colour,Farbe,die,Farben,noun,neutral,"basics,A1",,,TRUE
material,Material,das,Materialien,noun,neutral,"shopping,bim,A2",,,TRUE
weight,Gewicht,das,Gewichte,noun,neutral,"basics,A2",,,TRUE
length,Länge,die,Längen,noun,neutral,"basics,A2",,,TRUE
width,Breite,die,Breiten,noun,neutral,"basics,bim,A2",,,TRUE
height,Höhe,die,Höhen,noun,neutral,"basics,bim,A2",,,TRUE
depth,Tiefe,die,Tiefen,noun,neutral,"basics,bim,B1",,,TRUE
distance,Entfernung,die,Entfernungen,noun,neutral,"basics,B1",,,TRUE
area,Fläche,die,Flächen,noun,neutral,"bim,basics,B1",,,TRUE
volume,Volumen,das,Volumen,noun,neutral,"bim,basics,B1",Plural same as singular.,,TRUE
measurement,Maß,das,Maße,noun,neutral,"bim,basics,B1",,,TRUE
scale,Maßstab,der,Maßstäbe,noun,neutral,"bim,architecture,B1",,,TRUE
level,Niveau,das,Niveaus,noun,neutral,"bim,basics,B1",,,TRUE
axis,Achse,die,Achsen,noun,neutral,"bim,B2",,,TRUE
point,Punkt,der,Punkte,noun,neutral,"bim,basics,A2",,,TRUE
line,Linie,die,Linien,noun,neutral,"bim,basics,A2",,,TRUE
surface,Oberfläche,die,Oberflächen,noun,neutral,"bim,basics,B1",,,TRUE
edge,Kante,die,Kanten,noun,neutral,"bim,basics,B1",,,TRUE
angle,Winkel,der,Winkel,noun,neutral,"bim,basics,B1",Plural same as singular.,,TRUE
load,Last,die,Lasten,noun,neutral,"bim,architecture,B1",,,TRUE
tension,Spannung,die,Spannungen,noun,neutral,"bim,architecture,B1",Also: excitement / suspense.,,TRUE
foundation,Fundament,das,Fundamente,noun,neutral,"bim,architecture,B1",,,TRUE
insulation,Dämmung,die,Dämmungen,noun,neutral,"bim,architecture,B2",,,TRUE
pipe,Rohr,das,Rohre,noun,neutral,"bim,architecture,B1",,,TRUE
cable,Kabel,das,Kabel,noun,neutral,"bim,architecture,A2",Plural same as singular.,,TRUE
ventilation,Lüftung,die,Lüftungen,noun,neutral,"bim,architecture,B2",,,TRUE
sanitary,Sanitär,das,,noun,neutral,"bim,architecture,B2",Usually used adjectivally or uncountable.,,TRUE
fire protection,Brandschutz,der,,noun,neutral,"bim,architecture,B2",Usually uncountable.,,TRUE
certificate,Zertifikat,das,Zertifikate,noun,neutral,"work,bim,B1",,,TRUE
approval,Genehmigung,die,Genehmigungen,noun,neutral,"work,bim,B1",,,TRUE
specification,Leistungsverzeichnis,das,Leistungsverzeichnisse,noun,neutral,"bim,work,B2",Formal tender/spec document.,LV,TRUE
standard,Norm,die,Normen,noun,neutral,"bim,work,B1",,,TRUE
regulation,Vorschrift,die,Vorschriften,noun,neutral,"bim,work,B1",,,TRUE
guideline,Richtlinie,die,Richtlinien,noun,neutral,"bim,work,B1",,,TRUE
revision,Überarbeitung,die,Überarbeitungen,noun,neutral,"work,bim,B1",,,TRUE
status,Status,der,Status,noun,neutral,"work,bim,B1",Plural same as singular.,,TRUE
note,Notiz,die,Notizen,noun,neutral,"work,basics,A2",,,TRUE
comment,Kommentar,der,Kommentare,noun,neutral,"work,basics,B1",,,TRUE
view,Ansicht,die,Ansichten,noun,neutral,"bim,communication,B1",Also: architectural elevation.,,TRUE
perspective,Perspektive,die,Perspektiven,noun,neutral,"abstract,work,B1",,,TRUE
position,Position,die,Positionen,noun,neutral,"work,basics,A2",,,TRUE
role,Rolle,die,Rollen,noun,neutral,"work,basics,B1",,,TRUE
responsibility (specific),Zuständigkeit,die,Zuständigkeiten,noun,neutral,"work,B1",Specific area of responsibility.,,TRUE
authority,Befugnis,die,Befugnisse,noun,neutral,"work,B2",,,TRUE
decision-maker,Entscheidungsträger,der,Entscheidungsträger,noun,neutral,"work,B2",Plural same as singular.,,TRUE
stakeholder,Stakeholder,der,Stakeholder,noun,neutral,"work,B2",Plural same as singular.,,TRUE
team,Team,das,Teams,noun,neutral,"work,basics,A2",,,TRUE
department,Abteilung,die,Abteilungen,noun,neutral,"work,B1",,,TRUE
manager,Manager / Managerin,der,Manager,noun,neutral,"work,B1",Plural same as singular.,,TRUE
leader,Leiter / Leiterin,der,Leiter,noun,neutral,"work,B1",Plural same as singular.,,TRUE
consultant,Berater / Beraterin,der,Berater,noun,neutral,"work,B2",Plural same as singular.,,TRUE
architect,Architekt / Architektin,der,Architekten,noun,neutral,"work,bim,B1",,,TRUE
engineer,Ingenieur / Ingenieurin,der,Ingenieure,noun,neutral,"work,bim,B1",,,TRUE
planner,Planer / Planerin,der,Planer,noun,neutral,"work,bim,B1",Plural same as singular.,,TRUE
contractor,Auftragnehmer,der,Auftragnehmer,noun,neutral,"work,bim,B1",Plural same as singular.,,TRUE
subcontractor,Nachunternehmer,der,Nachunternehmer,noun,neutral,"work,bim,B2",Plural same as singular.,,TRUE
number (abstract),Zahl,die,Zahlen,noun,neutral,"basics,A2",'Zahl' = number (abstract). 'Nummer' = number (identifier).,,TRUE
calculation,Berechnung,die,Berechnungen,noun,neutral,"work,bim,B1",,,TRUE
formula,Formel,die,Formeln,noun,neutral,"work,bim,B1",,,TRUE
table (data),Tabelle,die,Tabellen,noun,neutral,"work,basics,B1",Data table — not a furniture table.,,TRUE
list,Liste,die,Listen,noun,neutral,"work,basics,A2",,,TRUE
category,Kategorie,die,Kategorien,noun,neutral,"work,basics,B1",,,TRUE
type,Typ,der,Typen,noun,neutral,"work,basics,B1",,,TRUE
class,Klasse,die,Klassen,noun,neutral,"work,basics,A2",,,TRUE
property,Eigenschaft,die,Eigenschaften,noun,neutral,"work,bim,B1",,,TRUE
attribute,Attribut,das,Attribute,noun,neutral,"work,bim,B1",,,TRUE
value (data),Wert,der,Werte,noun,neutral,"work,bim,B1",Also: value (ethical).,,TRUE
object,Objekt,das,Objekte,noun,neutral,"work,bim,A2",,,TRUE
template,Vorlage,die,Vorlagen,noun,neutral,"work,digital,B1",,,TRUE
copy,Kopie,die,Kopien,noun,neutral,"work,digital,A2",,,TRUE
original,Original,das,Originale,noun,neutral,"work,basics,A2",,,TRUE
step,Schritt,der,Schritte,noun,neutral,"work,basics,A2",,,TRUE
stage,Stufe,die,Stufen,noun,neutral,"work,basics,A2",Also: stair step.,,TRUE
option,Option,die,Optionen,noun,neutral,"work,basics,B1",,,TRUE
alternative,Alternative,die,Alternativen,noun,neutral,"work,basics,B1",,,TRUE
method,Methode,die,Methoden,noun,neutral,"work,basics,B1",,,TRUE
strategy,Strategie,die,Strategien,noun,neutral,"work,B1",,,TRUE
analysis,Analyse,die,Analysen,noun,neutral,"work,B1",,,TRUE
evaluation,Auswertung,die,Auswertungen,noun,neutral,"work,B1",,,TRUE
comparison,Vergleich,der,Vergleiche,noun,neutral,"work,basics,B1",,,TRUE
test,Test,der,Tests,noun,neutral,"work,basics,A2",,,TRUE
check,Prüfung,die,Prüfungen,noun,neutral,"work,B1",Also: exam.,,TRUE
review,Review,das,Reviews,noun,neutral,"work,digital,B1",,,TRUE
approval (sign-off),Freigabe,die,Freigaben,noun,neutral,"work,bim,B1",,,TRUE
change request,Änderungsantrag,der,Änderungsanträge,noun,neutral,"work,bim,B2",,,TRUE
complaint,Beschwerde,die,Beschwerden,noun,neutral,"work,communication,B1",,,TRUE
conflict (scheduling),Terminkonflikt,der,Terminkonflikte,noun,neutral,"work,B1",,,TRUE
access,Zugang,der,Zugänge,noun,neutral,"work,digital,B1",Also: physical access.,,TRUE
permission,Berechtigung,die,Berechtigungen,noun,neutral,"work,digital,B1",,,TRUE
key (digital),Schlüssel,der,Schlüssel,noun,neutral,"work,digital,B1",Same word as physical key. Plural same as singular.,,TRUE
backup,Backup,das,Backups,noun,neutral,"work,digital,B1",,,TRUE
log,Protokoll,das,Protokolle,noun,neutral,"work,digital,B1",Also: meeting minutes.,,TRUE
error message,Fehlermeldung,die,Fehlermeldungen,noun,neutral,"work,digital,B1",,,TRUE
environment,Umgebung,die,Umgebungen,noun,neutral,"work,digital,B1",,,TRUE
test environment,Testumgebung,die,Testumgebungen,noun,neutral,"work,digital,B2",,,TRUE
release,Release,das,Releases,noun,neutral,"work,digital,B1",,,TRUE
feature,Feature,das,Features,noun,neutral,"work,digital,B1",,,TRUE
bug,Bug,der,Bugs,noun,neutral,"work,digital,B1",Error in software.,,TRUE
script,Skript,das,Skripte,noun,neutral,"work,digital,B1",,,TRUE
plugin,Plugin,das,Plugins,noun,neutral,"work,digital,B1",,,TRUE
jacket,Jacke,die,Jacken,noun,neutral,"clothing,basics,A1",,,TRUE
coat,Mantel,der,Mäntel,noun,neutral,"clothing,basics,A2",,,TRUE
shirt,Hemd,das,Hemden,noun,neutral,"clothing,basics,A1",,,TRUE
trousers,Hose,die,Hosen,noun,neutral,"clothing,basics,A1",,,TRUE
dress,Kleid,das,Kleider,noun,neutral,"clothing,basics,A1",,,TRUE
shoes,Schuhe,die,,noun,neutral,"clothing,basics,A1",Always used in plural in practice.,,TRUE
hat,Mütze,die,Mützen,noun,neutral,"clothing,basics,A1",Knitted/winter hat. Hut = formal hat.,,TRUE
scarf,Schal,der,Schals,noun,neutral,"clothing,basics,A2",,,TRUE
umbrella,Regenschirm,der,Regenschirme,noun,neutral,"clothing,basics,A2",,,TRUE
glasses,Brille,die,Brillen,noun,neutral,"clothing,basics,A2",,,TRUE
watch,Uhr,die,Uhren,noun,neutral,"clothing,basics,A1",Also: clock.,,TRUE
bag (handbag),Handtasche,die,Handtaschen,noun,neutral,"clothing,basics,A2",,,TRUE
ring,Ring,der,Ringe,noun,neutral,"clothing,basics,A2",,,TRUE
sun,Sonne,die,Sonnen,noun,neutral,"nature,basics,A1",,,TRUE
moon,Mond,der,Monde,noun,neutral,"nature,basics,A1",,,TRUE
star,Stern,der,Sterne,noun,neutral,"nature,basics,A1",,,TRUE
sky,Himmel,der,Himmel,noun,neutral,"nature,basics,A1",Plural same as singular.,,TRUE
cloud (sky),Wolke,die,Wolken,noun,neutral,"nature,basics,A1",,,TRUE
rain,Regen,der,,noun,neutral,"nature,basics,A1",Usually uncountable.,,TRUE
snow,Schnee,der,,noun,neutral,"nature,basics,A1",Usually uncountable.,,TRUE
wind,Wind,der,Winde,noun,neutral,"nature,basics,A1",,,TRUE
weather,Wetter,das,,noun,neutral,"nature,basics,A1",Usually uncountable.,,TRUE
temperature,Temperatur,die,Temperaturen,noun,neutral,"nature,basics,A2",,,TRUE
tree,Baum,der,Bäume,noun,neutral,"nature,basics,A1",,,TRUE
flower,Blume,die,Blumen,noun,neutral,"nature,basics,A1",,,TRUE
river,Fluss,der,Flüsse,noun,neutral,"nature,basics,A2",,,TRUE
lake,See,der,Seen,noun,neutral,"nature,basics,A2",'Der See' = lake. 'Die See' = sea. Different articles!,,TRUE
sea,Meer,das,Meere,noun,neutral,"nature,basics,A2",,,TRUE
mountain,Berg,der,Berge,noun,neutral,"nature,basics,A2",,,TRUE
forest,Wald,der,Wälder,noun,neutral,"nature,basics,A2",,,TRUE
road,Straße,die,Straßen,noun,neutral,"transport,basics,A1",Same as 'street'.,,TRUE
map,Karte,die,Karten,noun,neutral,"travel,basics,A2","Also: card, menu.",,TRUE
sign,Schild,das,Schilder,noun,neutral,"city,basics,A2",,,TRUE
direction,Richtung,die,Richtungen,noun,neutral,"city,basics,A2",,,TRUE
north,Norden,der,,noun,neutral,"city,basics,A2",Usually uncountable.,,TRUE
south,Süden,der,,noun,neutral,"city,basics,A2",Usually uncountable.,,TRUE
east,Osten,der,,noun,neutral,"city,basics,A2",Usually uncountable.,,TRUE
west,Westen,der,,noun,neutral,"city,basics,A2",Usually uncountable.,,TRUE
noise,Lärm,der,,noun,neutral,"basics,B1",Usually uncountable.,,TRUE
silence,Stille,die,,noun,neutral,"abstract,B1",Usually uncountable.,,TRUE
light,Licht,das,Lichter,noun,neutral,"basics,A2",,,TRUE
shadow,Schatten,der,Schatten,noun,neutral,"basics,B1",Plural same as singular.,,TRUE
energy,Energie,die,Energien,noun,neutral,"basics,B1",,,TRUE
power,Kraft,die,Kräfte,noun,neutral,"basics,B1",,,TRUE
space,Raum,der,Räume,noun,neutral,"bim,basics,A2",Also: room (in a building).,,TRUE
time,Zeit,die,Zeiten,noun,neutral,"basics,A1",,,TRUE
thought,Gedanke,der,Gedanken,noun,neutral,"abstract,B1",Weak noun: des Gedankens / dem Gedanken.,,TRUE
memory,Erinnerung,die,Erinnerungen,noun,neutral,"abstract,B1",,,TRUE
imagination,Vorstellung,die,Vorstellungen,noun,neutral,"abstract,B1",Also: presentation of oneself.,,TRUE
attention,Aufmerksamkeit,die,,noun,neutral,"abstract,B1",Usually uncountable.,,TRUE
concentration,Konzentration,die,,noun,neutral,"abstract,B1",Usually uncountable.,,TRUE
patience,Geduld,die,,noun,neutral,"abstract,B1",Usually uncountable.,,TRUE
courage,Mut,der,,noun,neutral,"abstract,B1",Usually uncountable.,,TRUE
strength,Stärke,die,Stärken,noun,neutral,"abstract,B1",,,TRUE
weakness,Schwäche,die,Schwächen,noun,neutral,"abstract,B1",,,TRUE
