"english","target","hint","level"
"I would like a coffee.","Ich hätte gern einen Kaffee.","Verb second; 'hätte gern' polite ordering.","A1"
"The train is late.","Der Zug hat Verspätung.","","A1"
"Where is the station?","Wo ist der Bahnhof?","","A1"
"I don't understand that.","Ich verstehe das nicht.","'nicht' at the end.","A1"
"Can you help me?","Kannst du mir helfen?","Modal + infinitive at end; 'mir' dative.","A1"
"I come from England.","Ich komme aus England.","'aus' + country.","A1"
"She lives in Berlin.","Sie wohnt in Berlin.","","A1"
"We have no time.","Wir haben keine Zeit.","","A1"
"The food is cold.","Das Essen ist kalt.","","A1"
"I am very tired.","Ich bin sehr müde.","","A1"
"He drinks a beer.","Er trinkt ein Bier.","","A1"
"Do you have time today?","Hast du heute Zeit?","Time phrase before object.","A1"
"I would like to pay.","Ich möchte bezahlen.","Modal + infinitive.","A1"
"The room is too small.","Das Zimmer ist zu klein.","","A1"
"I am looking for the exit.","Ich suche den Ausgang.","Accusative 'den Ausgang'.","A1"
"We are going home.","Wir gehen nach Hause.","'nach Hause' fixed.","A1"
"The shop is closed.","Das Geschäft ist geschlossen.","","A1"
"I need a doctor.","Ich brauche einen Arzt.","Accusative.","A1"
"Can I pay by card?","Kann ich mit Karte zahlen?","Modal + 'mit Karte' + infinitive.","A1"
"Please speak more slowly.","Sprich bitte langsamer.","Imperative.","A1"
"I have a question.","Ich habe eine Frage.","","A1"
"The weather is nice today.","Das Wetter ist heute schön.","","A1"
"He is not at home.","Er ist nicht zu Hause.","","A1"
"I would like to book a room.","Ich möchte ein Zimmer buchen.","Modal + infinitive at end.","A1"
"We are waiting for the bus.","Wir warten auf den Bus.","'warten auf' + accusative.","A2"
"I think that it is too expensive.","Ich finde, dass es zu teuer ist.","Verb at end after 'dass'.","A2"
"I am tired because I didn't sleep.","Ich bin müde, weil ich nicht geschlafen habe.","Verb at end after 'weil'.","A2"
"If it rains, we stay home.","Wenn es regnet, bleiben wir zu Hause.","Main clause inverts after 'wenn'.","A2"
"I don't know whether she is coming.","Ich weiß nicht, ob sie kommt.","Verb at end after 'ob'.","A2"
"I called you yesterday.","Ich habe dich gestern angerufen.","Perfect bracket; separable participle 'angerufen' at end.","A2"
"We have already eaten.","Wir haben schon gegessen.","Perfect tense.","A2"
"She has gone to work.","Sie ist zur Arbeit gegangen.","'sein' perfect for movement.","A2"
"I have to work tomorrow.","Ich muss morgen arbeiten.","Modal + infinitive at end.","A2"
"Can you repeat that please?","Können Sie das bitte wiederholen?","Modal + infinitive.","A2"
"I would like to learn German.","Ich möchte Deutsch lernen.","","A2"
"He is reading an interesting book.","Er liest ein interessantes Buch.","Adjective ending '-es'.","A2"
"We are meeting on Monday.","Wir treffen uns am Montag.","Reflexive 'uns'.","A2"
"I am looking forward to the trip.","Ich freue mich auf die Reise.","'sich freuen auf' + accusative.","A2"
"She bought a new car.","Sie hat ein neues Auto gekauft.","Perfect bracket.","A2"
"I can't come because I have to work.","Ich kann nicht kommen, weil ich arbeiten muss.","Modal at end of 'weil' clause.","B1"
"Although it is difficult, I will try.","Obwohl es schwierig ist, versuche ich es.","Concession; main clause inverts.","B1"
"I wrote it down so that I wouldn't forget.","Ich habe es aufgeschrieben, damit ich es nicht vergesse.","Purpose clause.","B1"
"Before we start, let's check the plan.","Bevor wir anfangen, schauen wir den Plan durch.","Separable 'durchschauen'.","B1"
"We need to discuss this tomorrow.","Das müssen wir morgen besprechen.","Topic-first inversion.","B1"
"I have decided to stay.","Ich habe mich entschieden zu bleiben.","Reflexive + zu-infinitive.","B1"
"She is interested in the project.","Sie interessiert sich für das Projekt.","'sich interessieren für' + accusative.","B1"
"The decision has already been made.","Die Entscheidung wurde schon getroffen.","Passive 'wurde getroffen'.","B1"
"I came here in order to work.","Ich bin hergekommen, um zu arbeiten.","Purpose 'um … zu'.","B1"
"He keeps going although it hurts.","Er macht weiter, obwohl es wehtut.","","B1"
"We should clarify this calmly.","Das sollten wir in Ruhe klären.","Konjunktiv II 'sollten'.","B1"
"I would help you if I had time.","Ich würde dir helfen, wenn ich Zeit hätte.","Conditional with 'würde' + 'hätte'.","B1"
"She told me that she was tired.","Sie hat mir gesagt, dass sie müde war.","Perfect main + 'dass' clause.","B1"
"I'm not sure whether it works.","Ich bin nicht sicher, ob es funktioniert.","","B1"
"We could also do it differently.","Wir könnten es auch anders machen.","Konjunktiv II suggestion.","B1"
"After she arrived, we started.","Nachdem sie angekommen war, haben wir angefangen.","Past perfect in 'nachdem' clause.","B1"
"I have to think about it first.","Ich muss erst darüber nachdenken.","Separable 'nachdenken'; 'darüber'.","B1"
"That would be a real problem.","Das wäre ein echtes Problem.","Konjunktiv II 'wäre'.","B1"
"He apologized for the mistake.","Er hat sich für den Fehler entschuldigt.","'sich entschuldigen für' + accusative.","B1"
"I'd rather not say anything.","Ich möchte lieber nichts sagen.","","B1"
"We have to make a decision soon.","Wir müssen bald eine Entscheidung treffen.","'eine Entscheidung treffen' collocation.","B1"
"She explained the problem to me.","Sie hat mir das Problem erklärt.","Dative 'mir' + accusative.","B1"
"I don't want to overthink it.","Ich will mir darüber nicht zu viele Gedanken machen.","Reflexive dative 'mir'.","B1"
"Could you send me the file?","Könntest du mir die Datei schicken?","Polite 'könntest' + dative.","B1"
"The meeting was postponed until Friday.","Das Meeting wurde auf Freitag verschoben.","Passive.","B1"
"I'm happy that it worked out.","Ich bin froh, dass es geklappt hat.","","B1"
"We can talk about it later.","Wir können später darüber reden.","'darüber' + 'reden'.","B1"
"He promised to call back.","Er hat versprochen zurückzurufen.","Separable + zu: 'zurückzurufen'.","B1"
"I need to prepare for the meeting.","Ich muss mich auf das Meeting vorbereiten.","Reflexive + separable 'vorbereiten'.","B1"
"That depends on the situation.","Das kommt auf die Situation an.","Separable 'ankommen auf'.","B1"
"She always arrives on time.","Sie kommt immer pünktlich an.","Separable 'ankommen'; adverb in mid-field.","A2"
"We turned off the light.","Wir haben das Licht ausgeschaltet.","Separable participle 'ausgeschaltet'.","A2"
"I forgot to lock the door.","Ich habe vergessen, die Tür abzuschließen.","Separable + zu in clause.","B1"
"He works in an office.","Er arbeitet in einem Büro.","Dative after 'in' (location).","A2"
"I put the book on the table.","Ich habe das Buch auf den Tisch gelegt.","'auf' + accusative (movement).","B1"
"The book is on the table.","Das Buch liegt auf dem Tisch.","'auf' + dative (location).","A2"
"We are driving to Munich tomorrow.","Wir fahren morgen nach München.","Time before place.","A2"
"She gave me good advice.","Sie hat mir einen guten Rat gegeben.","Dative + accusative.","B1"
"I have never been there.","Ich war noch nie dort.","","A2"
"Could we meet next week?","Könnten wir uns nächste Woche treffen?","Polite + reflexive.","B1"
"He doesn't have any money left.","Er hat kein Geld mehr.","'kein … mehr'.","A2"
"I'll take care of it.","Ich kümmere mich darum.","'sich kümmern um'.","B1"
"We have to leave now.","Wir müssen jetzt los.","Colloquial 'los' (gehen omitted).","A2"
"She speaks three languages.","Sie spricht drei Sprachen.","","A2"
"I would like to introduce myself.","Ich möchte mich vorstellen.","Reflexive + separable.","A2"
"He hasn't answered yet.","Er hat noch nicht geantwortet.","'noch nicht' + perfect.","A2"
"We're looking for a new apartment.","Wir suchen eine neue Wohnung.","","A2"
"Can you show me the way?","Kannst du mir den Weg zeigen?","Dative + accusative.","A2"
"I think it's a good idea.","Ich finde, das ist eine gute Idee.","","A2"
"It's getting late.","Es wird langsam spät.","'werden' = to become.","A2"
"I have to charge my phone.","Ich muss mein Handy aufladen.","Separable 'aufladen'.","A2"
"She wants to change jobs.","Sie will den Job wechseln.","","B1"
"We didn't have enough time.","Wir hatten nicht genug Zeit.","Past tense 'hatten'.","A2"
"Please don't be angry with me.","Sei mir bitte nicht böse.","Dative 'mir'.","B1"
"I completely agree with you.","Ich stimme dir völlig zu.","Separable 'zustimmen' + dative.","B1"
"He left without saying goodbye.","Er ist gegangen, ohne sich zu verabschieden.","'ohne … zu' + reflexive.","B2"
"That makes no sense to me.","Das ergibt für mich keinen Sinn.","","B1"
"We have to be patient.","Wir müssen geduldig sein.","","A2"
"I'll call you back later.","Ich rufe dich später zurück.","Separable 'zurückrufen'.","A2"
"She has a lot to do.","Sie hat viel zu tun.","'viel zu tun'.","A2"
"Could you write that down for me?","Könntest du mir das aufschreiben?","Polite + separable.","B1"
"I don't feel well today.","Mir geht es heute nicht gut.","Dative 'mir' construction.","A2"
"We have to find a solution.","Wir müssen eine Lösung finden.","","A2"
"He always forgets his keys.","Er vergisst immer seine Schlüssel.","","A2"
"I really need a break.","Ich brauche wirklich eine Pause.","","A2"
"She didn't say a word.","Sie hat kein Wort gesagt.","","A2"
"Let's start from the beginning.","Fangen wir von vorne an.","Separable 'anfangen' imperative.","A2"
"I'd be happy to help you.","Ich helfe dir gerne.","","A2"
"We should talk about this calmly.","Wir sollten in Ruhe darüber reden.","","B1"
"He is responsible for the project.","Er ist für das Projekt verantwortlich.","'verantwortlich für'.","B1"
"I have to admit you're right.","Ich muss zugeben, dass du recht hast.","'zugeben' + 'dass' clause.","B1"
"That wasn't my intention.","Das war nicht meine Absicht.","","B1"
"We can't change that anymore.","Das können wir nicht mehr ändern.","'nicht mehr'.","B1"
"I trust you completely.","Ich vertraue dir völlig.","'vertrauen' + dative.","B1"
"She handed in the report on time.","Sie hat den Bericht pünktlich abgegeben.","Separable 'abgeben'.","B1"
"We need to set clear boundaries.","Wir müssen klare Grenzen setzen.","","B1"
"It's not the end of the world.","Es ist nicht das Ende der Welt.","","B1"
"I'd rather discuss this in person.","Ich würde das lieber persönlich besprechen.","Konjunktiv II 'würde'.","B1"
"He apologized and explained everything.","Er hat sich entschuldigt und alles erklärt.","Two perfect verbs.","B1"
"We finally reached an agreement.","Wir haben endlich eine Einigung erzielt.","","B1"
