"english","target","article","hint"
"to frighten / to be startled","erschrecken","","Hook: shriek. Schreck and shriek share sound and mood: fright and scream belong together."
"fright / terror","Schrecken","der","Hook: shriek. Same hook: terror comes with a shriek."
"to stroll","spazieren","","Hook: space / pace. From Latin spatium (space): walking through space. Pace helps by sound."
"water","Wasser","das","Hook: water. Sound shift: t→ss."
"to eat","essen","","Hook: eat. Sound shift: t→ss."
"better","besser","","Hook: better. Sound shift: t→ss."
"street","Straße","die","Hook: street. Sound shift: t→ß."
"foot","Fuß","der","Hook: foot. Sound shift: t→ß."
"big / great","groß","","Hook: great. Sound shift: t→ß."
"white","weiß","","Hook: white. Sound shift: t→ß."
"hot","heiß","","Hook: hot. Sound shift: t→ß."
"what","was","","Hook: what. Sound shift: t→s."
"that","das","","Hook: that. th→d and t→s: that → das."
"it","es","","Hook: it. Sound shift: t→s."
"out / from","aus","","Hook: out. Sound shift: t→s."
"to let","lassen","","Hook: let. Sound shift: t→ss."
"to forget","vergessen","","Hook: forget. Sound shift: t→ss."
"must","müssen","","Hook: must. Sound shift: t→ss."
"nut","Nuss","die","Hook: nut. Sound shift: t→ss."
"ten","zehn","","Hook: ten. Sound shift: t→z."
"two","zwei","","Hook: two. Sound shift: t→z."
"tongue","Zunge","die","Hook: tongue. Sound shift: t→z."
"tooth","Zahn","der","Hook: tooth. Sound shift: t→z."
"to","zu","","Hook: to. Sound shift: t→z."
"time","Zeit","die","Hook: tide. English tide once meant time: Yuletide."
"heart","Herz","das","Hook: heart. t→z at word end: heart → Herz."
"salt","Salz","das","Hook: salt. Sound shift: t→z."
"to sit","sitzen","","Hook: sit. Sound shift: t→tz."
"to set / to place","setzen","","Hook: set. Sound shift: t→tz."
"net","Netz","das","Hook: net. Sound shift: t→tz."
"cat","Katze","die","Hook: cat. Sound shift: t→tz."
"joke","Witz","der","Hook: wit. English wit = cleverness."
"heat","Hitze","die","Hook: heat. Sound shift: t→tz."
"to sweat","schwitzen","","Hook: sweat. Sound shift: t→tz."
"toe","Zehe","die","Hook: toe. Sound shift: t→z."
"room","Zimmer","das","Hook: timber. Sound shift: t→z."
"apple","Apfel","der","Hook: apple. Sound shift: p→pf."
"pepper","Pfeffer","der","Hook: pepper. Sound shift: p→pf."
"pan","Pfanne","die","Hook: pan. Sound shift: p→pf."
"plant","Pflanze","die","Hook: plant. Sound shift: p→pf."
"path","Pfad","der","Hook: path. Sound shift: p→pf."
"pound","Pfund","das","Hook: pound. Sound shift: p→pf."
"to help","helfen","","Hook: help. Sound shift: p→f."
"ship","Schiff","das","Hook: ship. Sound shift: p→ff."
"sleep (noun)","Schlaf","der","Hook: sleep. Sound shift: p→f."
"to sleep","schlafen","","Hook: sleep. Sound shift: p→f."
"deep","tief","","Hook: deep. Sound shift: p→f."
"open","offen","","Hook: open. Sound shift: p→ff."
"to open","öffnen","","Hook: open. Sound shift: p→ff."
"to hope","hoffen","","Hook: hope. Sound shift: p→ff."
"hope (noun)","Hoffnung","die","Hook: hope. Derived from hoffen."
"weapon","Waffe","die","Hook: weapon. Sound shift: p→ff."
"ripe","reif","","Hook: ripe. Sound shift: p→f."
"soap","Seife","die","Hook: soap. Sound shift: p→f."
"to run","laufen","","Hook: leap. Sound shift: p→f."
"to buy","kaufen","","Hook: cheap. English cheap comes from Old English ceap (trade): Cheapside was London's."
"to make / to do","machen","","Hook: make. Sound shift: k→ch."
"to break","brechen","","Hook: break. Sound shift: k→ch."
"book","Buch","das","Hook: book. Sound shift: k→ch."
"cake","Kuchen","der","Hook: cake. Sound shift: k→ch."
"to search / to seek","suchen","","Hook: seek. Sound shift: k→ch."
"week","Woche","die","Hook: week. Sound shift: k→ch."
"milk","Milch","die","Hook: milk. Sound shift: k→ch."
"language / speech","Sprache","die","Hook: speech. Sound shift: k→ch."
"to speak","sprechen","","Hook: speak. Sound shift: k→ch."
"kitchen","Küche","die","Hook: kitchen. Sound shift: k→ch."
"to cook","kochen","","Hook: cook. Sound shift: k→ch."
"to be awake / to keep watch","wachen","","Hook: wake. Sound shift: k→ch."
"to wake (someone)","wecken","","Hook: wake. wake: shared Germanic root."
"night","Nacht","die","Hook: night. The silent English gh preserves the German ch: night → Nacht."
"eight","acht","","Hook: eight. eight: the gh–ch pair again."
"light","Licht","das","Sounds like ""light""."
"right / correct","recht","","Sounds like ""right""."
"law / right","Recht","das","Hook: right. English right also means a legal right."
"daughter","Tochter","die","Sounds like ""daughter""."
"to laugh","lachen","","Hook: laugh. laugh: gh was once a spoken ch."
"to smile","lächeln","","Hook: laugh. Diminutive of lachen: a smile is a little laugh."
"day","Tag","der","Hook: day. Sound shift: d→t."
"to drink","trinken","","Hook: drink. Sound shift: d→t."
"door","Tür","die","Hook: door. Sound shift: d→t."
"to do","tun","","Hook: do. Sound shift: d→t."
"bed","Bett","das","Hook: bed. Sound shift: d→tt."
"god","Gott","der","Hook: god. Sound shift: d→tt."
"good","gut","","Hook: good. Sound shift: d→t."
"red","rot","","Hook: red. Sound shift: d→t."
"word","Wort","das","Hook: word. Sound shift: d→t."
"cold","kalt","","Hook: cold. Sound shift: d→t."
"old","alt","","Hook: old. Sound shift: d→t."
"to hold","halten","","Hook: hold. Sound shift: d→t."
"bread","Brot","das","Hook: bread. Sound shift: d→t."
"blood","Blut","das","Hook: blood. Sound shift: d→t."
"loud","laut","","Hook: loud. Sound shift: d→t."
"side / page","Seite","die","Hook: side. Sound shift: d→t."
"to ride (a horse)","reiten","","Hook: ride. Sound shift: d→t."
"to glide","gleiten","","Hook: glide. Sound shift: d→t."
"wide / broad","breit","","Hook: broad. Sound shift: d→t."
"bride","Braut","die","Hook: bride. Sound shift: d→t."
"to carry / to wear","tragen","","Hook: drag. Sound shift: d→t."
"dead","tot","","Hook: dead. Sound shift: d→t."
"death","Tod","der","Sounds like ""death""."
"dew","Tau","der","Hook: dew. Sound shift: d→t."
"brother","Bruder","der","Hook: brother. English th ↔ German d: brother → Bruder."
"bath","Bad","das","Hook: bath. th→d: bath → Bad."
"thing","Ding","das","Hook: thing. th→d: thing → Ding."
"to think","denken","","Hook: think. th→d: think → denken."
"to thank","danken","","Hook: thank. th→d: thank → danken."
"thirst","Durst","der","Hook: thirst. th→d: thirst → Durst."
"thirsty","durstig","","Sounds like ""thirsty""."
"thick / fat","dick","","Hook: thick. th→d: thick → dick."
"thin","dünn","","Hook: thin. th→d: thin → dünn."
"three","drei","","Hook: three. th→d: three → drei."
"thorn","Dorn","der","Hook: thorn. th→d: thorn → Dorn."
"earth","Erde","die","Hook: earth. th→d: earth → Erde."
"north","Norden","der","Hook: north. th→d: north → Norden."
"south","Süden","der","Hook: south. th→d: south → Süden."
"feather / pen","Feder","die","Hook: feather. th→d: feather → Feder."
"weather","Wetter","das","Hook: weather. th→tt: weather → Wetter."
"leather","Leder","das","Hook: leather. th→d: leather → Leder."
"mouth","Mund","der","Hook: mouth. th→d: mouth → Mund."
"father","Vater","der","Hook: father. th→t: father → Vater."
"mother","Mutter","die","Hook: mother. th→tt: mother → Mutter."
"house","Haus","das","Sounds like ""house""."
"mouse","Maus","die","Sounds like ""mouse""."
"hand","Hand","die","Near-identical to English ""hand""."
"arm","Arm","der","Sounds like ""arm""."
"finger","Finger","der","Near-identical to English ""finger""."
"hair","Haar","das","Sounds like ""hair""."
"nose","Nase","die","Sounds like ""nose""."
"ear","Ohr","das","Sounds like ""ear""."
"eye","Auge","das","Hook: eye. Old English eage was even closer to Auge."
"knee","Knie","das","Hook: knee. knee: German actually pronounces the K."
"shoulder","Schulter","die","Sounds like ""shoulder""."
"elbow","Ellbogen","der","Sounds like ""elbow""."
"lip","Lippe","die","Sounds like ""lip""."
"chin","Kinn","das","Sounds like ""chin""."
"neck","Hals","der","Hook: halter. English halter (a rope for the neck) keeps the root."
"back (body)","Rücken","der","Hook: ridge. English ridge = a mountain's back."
"leg","Bein","das","Hook: bone. English bone: in German the leg bone became the leg."
"bone","Knochen","der","Hook: knuckle. The kn- of knuckle helps."
"nail (finger and metal)","Nagel","der","Hook: nail. nail: both meanings match."
"head","Kopf","der","Hook: cup. From Latin cuppa: the head as a cup or noggin."
"head (figurative) / main","Haupt","das","Hook: head. head: Hauptbahnhof = main station."
"face","Gesicht","das","Hook: sight. Ge-SICHT: what you see. From sehen."
"forehead","Stirn","die","Hook: stern. A stern look sits on the forehead."
"belly","Bauch","der","Hook: bulge. Bulge matches both sound and shape."
"breath","Atem","der","Hook: atmosphere. Not related, but atmosphere = air sticks well."
"to breathe","atmen","","Hook: atmosphere. Same hook."
"name","Name","der","Near-identical to English ""name""."
"son","Sohn","der","Sounds like ""son""."
"sister","Schwester","die","Sounds like ""sister""."
"uncle","Onkel","der","Hook: uncle. uncle: both from French oncle."
"friend","Freund","der","Sounds like ""friend""."
"enemy","Feind","der","Hook: fiend. English fiend = demon. Friend–fiend and Freund: one letter apart in both."
"man","Mann","der","Sounds like ""man""."
"child","Kind","das","Hook: kindergarten. English borrowed kindergarten (child-garden). Kin shares the root."
"people","Leute","die","Hook: people. No good English cognate: link Leute to people by meaning."
"people / folk","Volk","das","Hook: folk. folk: folk music."
"king","König","der","Sounds like ""king""."
"queen","Königin","die","Hook: king + -in. King + feminine suffix -in (like Freundin)."
"hero","Held","der","Hook: Held the line. The hero who Held the line."
"summer","Sommer","der","Sounds like ""summer""."
"winter","Winter","der","Near-identical to English ""winter""."
"autumn","Herbst","der","Hook: harvest. Autumn is harvest time: shared root."
"sun","Sonne","die","Sounds like ""sun""."
"moon","Mond","der","Sounds like ""moon""."
"star","Stern","der","Sounds like ""star""."
"wind","Wind","der","Near-identical to English ""wind""."
"rain","Regen","der","Sounds like ""rain""."
"snow","Schnee","der","Sounds like ""snow""."
"ice","Eis","das","Sounds like ""ice""."
"fire","Feuer","das","Sounds like ""fire""."
"field","Feld","das","Sounds like ""field""."
"grass","Gras","das","Sounds like ""grass""."
"tree","Baum","der","Hook: beam. English beam once meant tree: hornbeam."
"forest","Wald","der","Hook: Cotswolds. English wold is an old word for upland: the Cotswolds."
"mountain","Berg","der","Hook: iceberg. Iceberg = ice mountain: Berg lives inside English."
"valley","Tal","das","Hook: dale. English dale = valley. Neandertal = Neander valley!."
"lake","See","der","Hook: sea. sea Der See = lake, die See = sea."
"sea / lake (die See = sea)","See","die","Hook: sea. sea Der See = lake, die See = sea."
"sea / ocean","Meer","das","Hook: mere. English mere = small lake: Windermere."
"fish","Fisch","der","Sounds like ""fish""."
"bird","Vogel","der","Hook: fowl. English fowl = bird, poultry."
"dog","Hund","der","Hook: hound. English hound = hunting dog."
"wolf","Wolf","der","Near-identical to English ""wolf""."
"bear","Bär","der","Sounds like ""bear""."
"pig","Schwein","das","Hook: swine. English swine = pig (literary)."
"cow","Kuh","die","Sounds like ""cow""."
"sheep","Schaf","das","Sounds like ""sheep""."
"lamb","Lamm","das","Sounds like ""lamb""."
"goose","Gans","die","Sounds like ""goose""."
"bee","Biene","die","Sounds like ""bee""."
"horn","Horn","das","Near-identical to English ""horn""."
"skin","Haut","die","Hook: hide. English hide = animal skin. d→t."
"egg","Ei","das","Hook: egg. Not cognates (egg is Norse), but Ei–egg link easily by sound."
"butter","Butter","die","Near-identical to English ""butter""."
"cheese","Käse","der","Hook: cheese. Both from Latin caseus."
"wine","Wein","der","Hook: wine. wine: Latin vinum behind both."
"beer","Bier","das","Sounds like ""beer""."
"flour","Mehl","das","Hook: meal. English meal = ground grain: oatmeal."
"grain","Korn","das","Sounds like ""corn""."
"hunger","Hunger","der","Near-identical to English ""hunger""."
"hungry","hungrig","","Sounds like ""hungry""."
"sugar","Zucker","der","Hook: sugar. sugar: same distant origin."
"honey","Honig","der","Sounds like ""honey""."
"oil","Öl","das","Hook: oil. oil: Latin oleum."
"soup","Suppe","die","Sounds like ""soup""."
"meat","Fleisch","das","Hook: flesh. English flesh."
"chicken / hen","Huhn","das","Sounds like ""hen""."
"glass","Glas","das","Sounds like ""glass""."
"bottle","Flasche","die","Hook: flask. English flask."
"spoon","Löffel","der","Hook: ladle. English ladle: the l-skeleton helps."
"vegetables","Gemüse","das","Hook: mousse. Contains Mus (purée): what can be cooked to a mousse."
"to come","kommen","","Sounds like ""come""."
"to go","gehen","","Sounds like ""go""."
"to see","sehen","","Sounds like ""see""."
"to hear","hören","","Sounds like ""hear""."
"to find","finden","","Sounds like ""find""."
"to fall","fallen","","Sounds like ""fall""."
"to sing","singen","","Sounds like ""sing""."
"to jump","springen","","Hook: spring. English spring = to leap (and the season, and a coil)."
"to swim","schwimmen","","Sounds like ""swim""."
"to bring","bringen","","Sounds like ""bring""."
"to send","senden","","Sounds like ""send""."
"to wash","waschen","","Sounds like ""wash""."
"to bake","backen","","Sounds like ""bake""."
"to begin","beginnen","","Sounds like ""begin""."
"to stay","bleiben","","Hook: leave. Shared root meaning to stick: what sticks (is left) stays."
"to die","sterben","","Hook: starve. English starve originally meant to die, now to die of hunger."
"to throw","werfen","","Hook: warp. Old English weorpan = to throw. Warp grew out of it."
"to give","geben","","Sounds like ""give""."
"to take","nehmen","","Hook: numb. Old English niman = to take: numb = taken away sensation."
"to say","sagen","","Sounds like ""say""."
"to ask","fragen","","Hook: FAQ. fragen = to ask: think FAQ (frequently asked questions)."
"to answer","antworten","","Hook: answer. ANt-WORTen and AN-SWer: both mean counter-word."
"to burn","brennen","","Sounds like ""burn""."
"to cut","schneiden","","Hook: snide. A snide remark = a cutting remark. Close in sound too."
"to hit","schlagen","","Hook: slay. English slay = to strike down."
"to pull","ziehen","","Hook: tow. English tow = to pull. t→z."
"to fly","fliegen","","Sounds like ""fly""."
"to flow","fließen","","Sounds like ""flow""."
"to freeze / to be cold","frieren","","Sounds like ""freeze""."
"frost","Frost","der","Near-identical to English ""frost""."
"to grow","wachsen","","Hook: wax. English wax = to grow: waxing moon."
"to know (facts)","wissen","","Hook: wise. Wise is the one who knows. Wit is related too."
"to know (be familiar)","kennen","","Hook: ken. Scottish ken = to know: beyond my ken."
"to learn","lernen","","Sounds like ""learn""."
"to teach","lehren","","Hook: lore. English lore = body of knowledge."
"teacher","Lehrer","der","Hook: lore. Derived from lehren."
"to read","lesen","","Hook: lesson. Not related, but lesson/lecture stick well by sound."
"to write","schreiben","","Hook: scribe. Latin scribere behind both: scribe = a writer."
"to count","zählen","","Hook: tally. English tally = a count. A bank teller counts money."
"to pay","bezahlen","","Hook: tally. Same root: paying is counting out."
"number (numeral / figure)","Zahl","die","Hook: tale. Old English talu = a count, an account."
"to show","zeigen","","Hook: teach. English teach originally meant to show. Token is related."
"to feel","fühlen","","Sounds like ""feel""."
"to love","lieben","","Sounds like ""love""."
"love","Liebe","die","Sounds like ""love""."
"to hate","hassen","","Sounds like ""hate""."
"hatred","Hass","der","Sounds like ""hate""."
"ugly","hässlich","","Hook: hate. Literally hateable (hassen + -lich)."
"to cry","weinen","","Hook: whine. English whine = to whimper."
"to dream","träumen","","Sounds like ""dream""."
"dream","Traum","der","Sounds like ""dream""."
"to stand","stehen","","Sounds like ""stand""."
"to lie (down)","liegen","","Sounds like ""lie""."
"to run fast","rennen","","Sounds like ""run""."
"to dance","tanzen","","Hook: dance. dance: French loan in both."
"to fight","kämpfen","","Hook: champion. Latin campus (battlefield) behind it: the champion of the field."
"to win","gewinnen","","Sounds like ""win""."
"to lose","verlieren","","Hook: forlorn. Ver-lieren and for-lorn share the same structure."
"to fetch","holen","","Hook: haul. English haul = to drag, to carry."
"to push","schieben","","Hook: shove. English shove."
"to lift","heben","","Hook: heave. English heave = to lift something heavy."
"to grab","greifen","","Sounds like ""grip"" → greifen."
"to lay / to put","legen","","Sounds like ""lay""."
"to place upright","stellen","","Hook: install. English stall/install from the same root."
"to hang","hängen","","Sounds like ""hang""."
"to bind / to tie","binden","","Sounds like ""bind""."
"ribbon / bond","Band","das","Hook: Band. English Band and bond are both related."
"to tear","reißen","","Hook: write. Surprising but true: English write originally meant to scratch. Same root."
"to bite","beißen","","Hook: bite. Sound shift: t→ß."
"to shoot","schießen","","Hook: shoot. Sound shift: t→ß."
"shot","Schuss","der","Hook: shot. Sound shift: t→ss."
"to pour","gießen","","Hook: gush. English gush = to pour out: close in sound and sense."
"to enjoy","genießen","","Hook: nice. Ge-NIESSEN: enjoying the nice things. Sound hook only."
"to taste (good)","schmecken","","Hook: smack. English smack one's lips."
"to smell","riechen","","Hook: reek. English reek = to smell strongly."
"to stink","stinken","","Sounds like ""stink""."
"to wait","warten","","Hook: warden. English ward/warden: waiting was originally guarding."
"life","Leben","das","Hook: life. live/life/Leben."
"to live","leben","","Sounds like ""live""."
"soul","Seele","die","Sounds like ""soul""."
"spirit / ghost","Geist","der","Hook: ghost. ghost: Zeitgeist and Poltergeist crossed into English."
"sky / heaven","Himmel","der","Hook: Himalaya. Not related, but Himalaya as the sky-mountains sticks. H-start like heaven."
"hell","Hölle","die","Hook: hell. hell Beware: the adjective hell means bright in German!."
"bright","hell","","Hook: hell. Contrast hook: English hell is dark, German hell is bright."
"dark","dunkel","","Hook: dank. English dank = damp and dark. Dusk is close too."
"devil","Teufel","der","Hook: devil. devil: Greek diabolos behind both."
"angel","Engel","der","Sounds like ""angel""."
"church","Kirche","die","Hook: church. church: Greek kyriakon (the Lord's house)."
"school","Schule","die","Hook: school. school: Latin schola."
"doctor","Arzt","der","Hook: arts. Not related: medicine as the healing arts."
"hospital","Krankenhaus","das","Hook: cranky + house. Krank (sick) + Haus: the cranky people's house."
"sick","krank","","Hook: cranky. Cranky = grumpy, like a sick person feels."
"pharmacy","Apotheke","die","Hook: apothecary. English apothecary = old word for pharmacist."
"healthy","gesund","","Hook: sound. English safe and sound: sound = healthy."
"tired","müde","","Hook: moody. Not related, but a tired person is moody. Close in sound."
"full (after eating)","satt","","Hook: sated. English sated."
"money","Geld","das","Hook: yield. English yield (return) is related: money that yields. Gold helps by sound."
"debt / guilt","Schuld","die","Hook: should. Should originally meant to owe: sollen–shall."
"shall / to be supposed to","sollen","","Sounds like ""shall""."
"to want","wollen","","Sounds like ""will""."
"can / to be able","können","","Sounds like ""can""."
"may / to be allowed","dürfen","","Hook: dare. Old English durran = to dare. Related root."
"to like","mögen","","Hook: may. may/might from the same root."
"goal / target","Ziel","das","Hook: zeal. Not related: the zeal you pursue your goal with. Same opening sound."
"square / place","Platz","der","Hook: place. place: Latin platea."
"market","Markt","der","Sounds like ""market""."
"price","Preis","der","Sounds like ""price""."
"value / worth","Wert","der","Sounds like ""worth""."
"goods","Ware","die","Hook: Ware. English hardware, warehouse: Ware = goods."
"shop","Laden","der","Hook: loaded. Related to Laden (to load): a shop has loaded shelves."
"bill / invoice","Rechnung","die","Hook: reckoning. English reckon = to count: day of reckoning."
"work","Arbeit","die","Hook: robot. Slavic robota (robot!) is similar in sound and meaning. Not related, but."
"work / plant","Werk","das","Hook: work. work: Kraftwerk = power plant."
"strength / power","Kraft","die","Hook: craft. English craft originally meant strength: Kraftwerk."
"power","Macht","die","Sounds like ""might""."
"war","Krieg","der","Hook: Blitzkrieg. English borrowed Blitzkrieg: anchor Krieg from there."
"peace","Frieden","der","Hook: free. Related to frei: peace as the state of freedom."
"free","frei","","Sounds like ""free""."
"empire / realm","Reich","das","Hook: bishopric. The English -ric ending (bishopric) is the same word. Rich is related too."
"rich","reich","","Sounds like ""rich""."
"fear / anxiety","Angst","die","Hook: Angst. English borrowed Angst. Anxious and anger share the tight root."
"narrow / tight","eng","","Hook: anxious. Same tight root as Angst and anger."
"fear","Furcht","die","Sounds like ""fright""."
"danger","Gefahr","die","Hook: fear. Fear hides inside: ge-FAHR. Its true cognate is fare (travel was danger)."
"journey","Reise","die","Hook: rise. Setting out = rising up: Old English risan, same root."
"to drive / to travel","fahren","","Hook: fare. English fare: farewell = travel well."
"trip / ride","Fahrt","die","Hook: fare. Same root."
"way / path","Weg","der","Sounds like ""way""."
"bridge","Brücke","die","Sounds like ""bridge""."
"city / town","Stadt","die","Hook: homestead. English -stead (homestead, instead) = place: Hampstead."
"village","Dorf","das","Hook: thorpe. English village names keep it: Scunthorpe, Cleethorpes."
"garden","Garten","der","Hook: garden. garden: yard is related too (g↔y)."
"room / space","Raum","der","Sounds like ""room""."
"roof","Dach","das","Hook: thatch. English thatch = straw roof."
"wall","Wand","die","Hook: wound (wind). From winden (to wind): walls were originally woven wattle."
"floor / ground","Boden","der","Sounds like ""bottom""."
"blanket / ceiling","Decke","die","Hook: deck. What covers: a ship's deck covers too."
"window","Fenster","das","Hook: defenestration. Latin fenestra: defenestration = throwing out the window."
"key","Schlüssel","der","Hook: slot. From schließen (to lock): English slot (bolt) is in the family."
"to close / to lock","schließen","","Hook: slot. Same hook."
"chair","Stuhl","der","Hook: stool. English stool."
"table","Tisch","der","Hook: dish. Both from Latin discus: the dish became the table."
"wardrobe / cupboard","Schrank","der","Hook: shrink. You shrink your stuff into the cupboard. Playful hook."
"mirror","Spiegel","der","Hook: inspect. Latin speculum (looker): the spect- root of inspect, spectacle."
"clock / watch","Uhr","die","Hook: hour. Both from Latin hora."
"hour","Stunde","die","Hook: stand. Related to stehen: one standing's worth of time."
"year","Jahr","das","Hook: year. year (j↔y)."
"month","Monat","der","Hook: month. month: related to Mond (moon)."
"morning","Morgen","der","Sounds like ""morning""."
"tomorrow","morgen","","Hook: morrow. Tomorrow = to-morrow: the same word."
"yesterday","gestern","","Hook: yesterday. Yester- is the same word (g↔y)."
"today","heute","","Hook: today. Built the same way: hiu tagu = on this day, like to-day."
"evening","Abend","der","Hook: eve. English eve/evening (Old English aefen) is related."
"breakfast","Frühstück","das","Hook: early piece. Früh (early) + Stück (piece): breakfast = the early bite."
"always","immer","","Hook: ever. Ever sounds out of it: i-MMER."
"often","oft","","Hook: often. often: English still has oft (oft-quoted)."
"rarely","selten","","Sounds like ""seldom""."
"new","neu","","Sounds like ""new""."
"young","jung","","Hook: young. young (j↔y)."
"long","lang","","Sounds like ""long""."
"short","kurz","","Hook: curt. Latin curtus behind both: curt = brusquely short."
"high / tall","hoch","","Sounds like ""high""."
"low","niedrig","","Hook: nether. English nether = lower: the Netherlands."
"strong","stark","","Hook: stark. English stark = powerful, harsh (stark contrast)."
"soft","weich","","Hook: weak. English weak is the cognate: soft = weak."
"hard","hart","","Sounds like ""hard""."
"beautiful","schön","","Hook: sheen. English sheen = shine, lustre."
"clean","sauber","","Hook: sober. Latin sobrius: sober = clear-headed, clean."
"dirty","schmutzig","","Hook: smut. English smut = soot, filth."
"heavy / difficult","schwer","","Hook: severe. Not related, but severe is close in sound and weight."
"light / easy","leicht","","Hook: light. light: both meanings (weight and easy)."
"full","voll","","Sounds like ""full""."
"empty","leer","","Hook: Lear. King Lear ends with nothing: empty-handed. Playful hook."
"expensive","teuer","","Hook: dear. English dear = expensive and beloved."
"true","wahr","","Hook: very. Very comes from French vrai (true): very = truly."
"false / wrong","falsch","","Hook: false. false: Latin falsus."
"clever","klug","","Hook: clever. Not related, but the k-l skeleton links them."
"wise","weise","","Sounds like ""wise""."
"stupid","dumm","","Hook: dumb. English dumb = mute, then stupid."
"quiet","leise","","Hook: hush. The long soft s is the whisper itself: leise."
"near","nah","","Hook: nigh. English nigh = near (archaic): well-nigh."
"far","fern","","Sounds like ""far""."
"narrow","schmal","","Hook: small. English small is the cognate: little, narrow."
"faith / belief","Glaube","der","Hook: belief. be-LIEF and g-LAUBE: same root (to hold dear)."
"to believe","glauben","","Sounds like ""believe""."
"luck / happiness","Glück","das","Hook: luck. G-LÜCK = LUCK: just drop the G."
"world","Welt","die","Hook: world. Wer-alt = man-age: world is built exactly the same way."
"thunder","Donner","der","Hook: thunder. Donnerstag = Thursday = Thor's day!."
"lightning","Blitz","der","Hook: Blitz. English borrowed it: Blitz chess."
"storm","Sturm","der","Sounds like ""storm""."
"hail","Hagel","der","Sounds like ""hail""."
"fog","Nebel","der","Hook: nebula. Latin nebula (fog, cloud): shared Indo-European root."
"cloud","Wolke","die","Hook: wool. A cloud like wool: close in sound too."
"air","Luft","die","Hook: lofty. English loft/lofty (up high): Lufthansa."
"stone","Stein","der","Hook: stone. stone: Einstein = one stone."
"sand","Sand","der","Near-identical to English ""sand""."
"gold","Gold","das","Near-identical to English ""gold""."
"silver","Silber","das","Sounds like ""silver""."
"iron","Eisen","das","Hook: iron. Old English isern preserves it: iron → Eisen."
"copper","Kupfer","das","Hook: copper. copper: Latin cuprum (from Cyprus)."
"blue","blau","","Sounds like ""blue""."
"green","grün","","Sounds like ""green""."
"yellow","gelb","","Hook: yellow. g↔y swap: yellow (like Garten–yard)."
"brown","braun","","Sounds like ""brown""."
"gray","grau","","Sounds like ""gray""."
"black","schwarz","","Hook: swarthy. English swarthy = dark-skinned."
"one","eins","","Hook: one. one: Old English an was even closer."
"four","vier","","Sounds like ""four""."
"five","fünf","","Sounds like ""five""."
"six","sechs","","Sounds like ""six""."
"seven","sieben","","Sounds like ""seven""."
"nine","neun","","Sounds like ""nine""."
"hundred","hundert","","Sounds like ""hundred""."
"thousand","tausend","","Sounds like ""thousand""."
"who","wer","","Hook: who. The w-question system: who → wer."
"where","wo","","Sounds like ""where""."
"when","wann","","Sounds like ""when""."
"why","warum","","Sounds like ""why""."
"how","wie","","Hook: how. Old English how also began with hw: h and w swapped places."
"shoe","Schuh","der","Sounds like ""shoe""."
"glove","Handschuh","der","Hook: hand-shoe. Hand + Schuh = a shoe for the hand: funny and unforgettable."
"hat","Hut","der","Hook: hat. hat: hood is in the family."
"trousers","Hose","die","Hook: Hose. English Hose = stockings, tubing: once the trouser leg."
"skirt","Rock","der","Hook: frock. English frock (dress) sticks by sound."
"coat","Mantel","der","Hook: mantle. English mantle = cloak."
"dress","Kleid","das","Hook: clad. English clad = dressed: iron-clad."
"button","Knopf","der","Hook: knob. English knob."
"bag / pocket","Tasche","die","Hook: attaché. Think attaché case: a bag by sound association."
"glasses","Brille","die","Hook: brilliant. The first lenses were cut from beryl: brilliant!."
"umbrella / shield","Schirm","der","Hook: screen. screen: what shields and covers."
"umbrella","Regenschirm","der","Hook: rain screen. Regen (rain) + Schirm (screen): a rain shield."
"newspaper","Zeitung","die","Hook: tidings. English tidings (news) is the exact parallel: Zeit–tide."
"treasure / darling","Schatz","der","Hook: stash. English stash = hidden hoard. Close in sound."
"vocabulary","Wortschatz","der","Hook: word-treasure. Wort + Schatz = a treasure of words."
"game","Spiel","das","Hook: Spiel. English borrowed it: sales Spiel."
"to play","spielen","","Hook: spiel. Same hook."
"beginning","Anfang","der","Hook: an + fangen. An + fangen (to catch): to get a grip on something = to begin."
"end","Ende","das","Sounds like ""end""."
"to give up","aufgeben","","Hook: give up. Auf (up) + geben (give): an exact mirror of the English phrasal verb."
"to get up / to stand up","aufstehen","","Hook: stand up. Auf (up) + stehen (stand): the same picture."
"to go out","ausgehen","","Hook: go out. Aus (out) + gehen (go)."
"to spend / to hand out","ausgeben","","Hook: give out. Aus (out) + geben (give): money is what you give out."
"to look / to appear","aussehen","","Hook: look. Aus (out) + sehen (see): how something looks from the outside. Du siehst gut."
"to come along","mitkommen","","Hook: come with. Mit (with) + kommen (come). Kommst du mit? = are you coming along?"
"to bring along","mitbringen","","Hook: bring with. Mit (with) + bringen (bring)."
"to come back","zurückkommen","","Hook: come back. Zurück (back) + kommen (come)."
"to give back / to return","zurückgeben","","Hook: give back. Zurück (back) + geben (give): exact mirror."
"to go away","weggehen","","Hook: go away. Weg (away) + gehen (go)."
"to throw away","wegwerfen","","Hook: throw away. Weg (away) + werfen (throw, cousin of warp)."
"to come in","hereinkommen","","Hook: come in. Herein (in here) + kommen. Herein! = come in!"
"to come out","herauskommen","","Hook: come out. Heraus (out here) + kommen."
"to find out","herausfinden","","Hook: find out. Heraus (out) + finden (find): a perfect mirror of the English phrasal verb."
"to wake up","aufwachen","","Hook: wake up. Auf (up) + wachen (wake): exact mirror."
"to call / to phone","anrufen","","Hook: call up. An + rufen (to call): English call up is the same picture."
"to write down","aufschreiben","","Hook: write down. Contrast hook: German writes UP (auf), English writes DOWN. The clash."
"to invite","einladen","","Hook: load in. Ein (in) + laden (load): you load guests into your home. English laden =."
"to switch on","einschalten","","Hook: switch in. Ein (in) + schalten (switch): switching the current in."
"to switch off","ausschalten","","Hook: lights out. Aus (out) + schalten: switching the current out."
"to get in / to board","einsteigen","","Hook: climb in. Ein (in) + steigen (climb)."
"to get off / to get out","aussteigen","","Hook: climb out. Aus (out) + steigen (climb)."
"to change trains","umsteigen","","Hook: climb around. Um (around) + steigen: climbing over to another train."
"to open up","aufmachen","","Hook: open up. Auf + machen: mach auf! = open up!"
"to close / to shut","zumachen","","Hook: shut to. Zu + machen. Archaic English still says: put the door to."
"to stop / to quit","aufhören","","Hook: listen up. Auf + hören (hear): hör auf! = stop it! Imagine: LISTEN UP... and stop."
"to watch out / to pay attention","aufpassen","","Hook: pass. Auf + passen: pass auf! = watch out!"
"to pick up / to fetch","abholen","","Hook: haul off. Ab (off) + holen (haul, fetch)."
"to take off / to undress","ausziehen","","Hook: pull out of. Aus (out) + ziehen (pull): pulling out of your clothes. Also means to."
"to put on / to get dressed","anziehen","","Hook: pull on. An (on) + ziehen (pull): English also pulls on a sweater. Exact mirror."
"to move in","einziehen","","Hook: pull in. Ein (in) + ziehen: pulling your life into a new home."
"to try on","anprobieren","","Hook: probe on. An (on) + probieren (try, probe): probing it on your body."
"to look up (a word)","nachschlagen","","Hook: strike after. Nach (after) + schlagen (strike, slay): striking through the pages."
"to come by / to drop in","vorbeikommen","","Hook: come by. Vorbei (by, past) + kommen: come by later = komm vorbei!"
"to oversleep","verschlafen","","Hook: mis-sleep. Ver- (mis/over) + schlafen (sleep): sleeping past the alarm."
"to arrive","ankommen","","Hook: come on. An (at, on) + kommen: coming on to a place. Think oncoming."
"to go on / to continue","weitergehen","","Hook: go further. Weiter (further) + gehen: es geht weiter = it goes on."
"poison","Gift","das","False friend: das Gift = poison, not a present!"
"to receive / to get","bekommen","","False friend: bekommen = to get, not to become (that is werden)."
"mobile phone","Handy","das","Looks English but is not: das Handy = mobile phone. Hook: it fits in your hand."
"almost","fast","","False friend: fast = almost, not quick (that is schnell). fast fertig = almost done."
"soon","bald","","False friend: bald = soon, nothing to do with hair. Bis bald! = see you soon."
"well-behaved / good","brav","","False friend: brav = well-behaved (of children and dogs), not brave (that is mutig)."
"boss","Chef","der","False friend: der Chef = the boss, not the cook (that is der Koch)."
"possibly / perhaps","eventuell","","False friend: eventuell = possibly, NOT eventually (that is schließlich)."
"current / up to date","aktuell","","False friend: aktuell = current, topical - not actual (that is tatsächlich)."
"factory","Fabrik","die","False friend: die Fabrik = factory, not fabric (that is der Stoff)."
"recipe / prescription","Rezept","das","das Rezept covers both a cooking recipe and a medical prescription."
"pension","Rente","die","False friend: die Rente = pension, not rent (that is die Miete)."
"novel","Roman","der","False friend: der Roman = a novel, not a Roman (that is der Römer)."
"grammar school / high school","Gymnasium","das","False friend: das Gymnasium = academic secondary school, not a gym (that is das."
"kind / type / species","Art","die","False friend: die Art = kind, sort, species - not art (that is die Kunst)."
"so / therefore / well","also","","False friend: also = so or therefore, not also (that is auch)."
"to donate","spenden","","False friend: spenden = to donate, not to spend (that is ausgeben)."
"commission (payment)","Provision","die","False friend: die Provision = a sales commission, not provisions (that is der Proviant)."
"letter (mail)","Brief","der","False friend: der Brief = a letter, not Brief."
"boat","Boot","das","Cognate of boat - but a false friend of the English Boot (that is der Stiefel)."
"trillion","Billion","die","NUMBER TRAP: German Billion = English trillion."
"manure / rubbish","Mist","der","False friend: der Mist = dung or rubbish (So ein Mist!"
"can / tin","Dose","die","False friend: die Dose = a tin can, not a Dose (that is die Dosis)."
"pub / restaurant","Lokal","das","False friend: das Lokal = an eating or drinking place. Your local pub is das Stammlokal."
"staff / personnel","Personal","das","False friend: das Personal = the staff, not Personal (that is persönlich)."
"brochure","Prospekt","der","False friend: der Prospekt = a brochure, not a prospect (that is die Aussicht)."
"security deposit","Kaution","die","False friend: die Kaution = a rental deposit, not caution (that is die Vorsicht)."
"to wave","winken","","False friend: winken = to wave, not to wink (that is zwinkern)."
"to hike","wandern","","HALF false friend: wandern = purposeful hiking, English wander = aimless roaming."
"classic car","Oldtimer","der","Pseudo-English: der Oldtimer = a vintage car, not an old person."
"tuxedo","Smoking","der","Pseudo-English: der Smoking = a tuxedo, from the Victorian Smoking jacket."
"video projector","Beamer","der","Pseudo-English: der Beamer = a projector (it beams light), not a BMW."
"likeable / nice","sympathisch","","False friend: sympathisch = likeable, not sympathetic (that is mitfühlend)."
"sensitive","sensibel","","False friend: sensibel = sensitive, not sensible (that is vernünftig)."
"consistent","konsequent","","False friend: konsequent = consistent, not consequent."
"tray","Tablett","das","THREE-WAY TRAP: das Tablett = tray, die Tablette = pill, das Tablet = the device."
"advice / council","Rat","der","False friend: der Rat = advice or a council, not a rat (that is die Ratte)."
"to confuse / to puzzle","irritieren","","False friend: irritieren usually means to confuse, not merely to irritate."
"brilliant / ingenious","genial","","False friend: genial = brilliant, of genius - not genial or friendly (that is."
"trade fair / mass","Messe","die","False friend: die Messe = a trade fair or a church mass, not a mess (that is das Chaos)."
"fashion","Mode","die","die Mode = fashion. Hook: French Mode, as in the English phrase a la Mode."
"vulgar / crude","ordinär","","False friend: ordinär = vulgar, not ordinary (that is normal)."
"condom","Präservativ","das","FAMOUS false friend: das Präservativ = condom, not a food preservative (that is das."
"shelf","Regal","das","False friend: das Regal = a shelf, not Regal or royal (that is königlich)."
"reputable / trustworthy","seriös","","False friend: seriös = reputable, not serious (that is ernst)."
"key / button (to press)","Taste","die","False friend: die Taste = a key you press, not Taste (that is der Geschmack)."
"appointment / deadline","Termin","der","False friend: der Termin = an appointment or deadline."
"entrepreneur","Unternehmer","der","Hook: undertaker. Literally under-taker: one who undertakes. English undertaker drifted."
"servant / farmhand","Knecht","der","Hook: knight. The same word with opposite careers: the English knight rose to nobility."
"boy / lad","Knabe","der","Hook: knave. Same word: English knave slid from boy to rogue; German Knabe stayed."
"to have","haben","","Hook: have. English v often corresponds to German b: have → haben."
"over / above","über","","Hook: over. Sound shift: v→b."
"grave","Grab","das","Hook: grave. Sound shift: v→b."
"to dig","graben","","Hook: engrave. Digging and engraving share the root: grave → graben."
"calf","Kalb","das","Hook: calf. Sound shift: f→b."
"half","halb","","Hook: half. Sound shift: f→b."
"dove / pigeon","Taube","die","Hook: dove. Sound shift: v→b."
"deaf","taub","","Hook: deaf. Sound shift: f→b."
"thief","Dieb","der","Hook: thief. Two shifts at once: th→d and f→b."
"staff / rod","Stab","der","Hook: staff. Sound shift: f→b."
"sieve","Sieb","das","Hook: sieve. Sound shift: v→b."
"ointment / salve","Salbe","die","Hook: salve. Sound shift: v→b."
"foliage / leaves","Laub","das","Hook: leaf. Sound shift: f→b."
"raven","Rabe","der","Hook: raven. Sound shift: v→b."
"to drive / to drift","treiben","","Hook: drive. Double shift: d→t and v→b: drive Antrieb = drive, motivation."
"to weave","weben","","Hook: weave. Sound shift: v→b."
"nauseous / evil","übel","","Hook: evil. Sound shift: v→b."
"beaver","Biber","der","Hook: beaver. Sound shift: v→b."
"fever","Fieber","das","Hook: fever. Sound shift: v→b."
"liver","Leber","die","Hook: liver. Sound shift: v→b."
"lung","Lunge","die","Sounds like ""lung""."
"rib","Rippe","die","Sounds like ""rib""."
"to blow","blasen","","Sounds like ""blast"" → blasen."
"bladder / bubble / blister","Blase","die","Hook: bladder. What gets blown up: blasen → Blase."
"sweat","Schweiß","der","Hook: sweat. Sound shift: t→ß."
"sweet","süß","","Hook: sweet. Sound shift: t→ß."
"wheat","Weizen","der","Hook: wheat. Sound shift: t→z."
"dough","Teig","der","Hook: dough. d→t plus the gh-g pair: dough → Teig."
"tongs / pliers","Zange","die","Hook: tongs. Sound shift: t→z."
"saddle","Sattel","der","Hook: saddle. Sound shift: d→t."
"ladder","Leiter","die","Hook: ladder. Sound shift: d→t."
"plum","Pflaume","die","Hook: plum. Sound shift: p→pf."
"peach","Pfirsich","der","Hook: peach. p→pf, both from Latin persica: the Persian apple."
"to whistle","pfeifen","","Hook: pipe / fife. Sound shift: p→pf."
"sharp / spicy","scharf","","Hook: sharp. Sound shift: p→f."
"tough","zäh","","Hook: tough. t→z plus the gh-h pair: tough → zäh."
"rough","rau","","Hook: rough. The silent gh again: rough → rau."
"dense / tight / leakproof","dicht","","Hook: tight. th→d: tight Der Dichter (poet) is an unrelated surprise next door."
"other / different","anders","","Hook: other. th→d: other → anders."
"then","dann","","Hook: then. th→d: then → dann."
"through","durch","","Hook: through. th→d: through Thorough is its cousin."
"to yawn","gähnen","","Hook: yawn. g↔y: yawn → gähnen."
"yarn / thread","Garn","das","Hook: yarn. g↔y: yarn → Garn."
"bow (curve / weapon)","Bogen","der","Hook: bow. g↔w: bow , like elbow - Ellbogen."
"own","eigen","","Hook: own. Old English agen: own Eigenvalue even entered English maths."
"dwarf","Zwerg","der","Sounds like ""dwarf"" → Zwerg."
"to borrow","borgen","","Sounds like ""borrow""."
"to follow","folgen","","Sounds like ""follow""."
"gallows","Galgen","der","Hook: gallows. gallows Galgenhumor = gallows humour, borrowed by English."
"knot","Knoten","der","Hook: knot. knot : German actually pronounces the K."
"to knead","kneten","","Hook: knead. knead : the silent English kn- is spoken in German."
"swan","Schwan","der","Sounds like ""swan""."
"sword","Schwert","das","Hook: sword. sword : the w is silent in English, spoken in German."
"to swear (an oath)","schwören","","Sounds like ""swear""."
"swallow (bird)","Schwalbe","die","Sounds like ""swallow""."
"sled / sleigh","Schlitten","der","Sounds like ""sled""."
"to melt","schmelzen","","Sounds like ""smelt"" → schmelzen."
"smith / blacksmith","Schmied","der","Hook: smith. smith : the surnames Goldschmidt and Kleinschmidt keep it."
"to smear","schmieren","","Sounds like ""smear""."
"to snap / to catch","schnappen","","Hook: snap. snap Schnaps = a quick snap of a drink!"
"snail","Schnecke","die","Hook: snail. The same sn- creature: snail → Schnecke."
"to snore","schnarchen","","Sounds like ""snore"" → schnarchen."
"stiff","steif","","Sounds like ""stiff""."
"stitch / sting (noun)","Stich","der","Sounds like ""stitch""."
"to sting / to stab","stechen","","Sounds like ""sting""."
"to stick / to put into","stecken","","Sounds like ""stick""."
"to stretch","strecken","","Sounds like ""stretch""."
"still / quiet","still","","Hook: still. Identical word: still Stille Nacht = Silent Night."
"stork","Storch","der","Sounds like ""stork""."
"stream / electric current","Strom","der","Hook: stream. stream : in German it also means electricity!"
"straw","Stroh","das","Sounds like ""straw""."
"beach / shore","Strand","der","Hook: Strand. London's Strand street once ran along the river bank."
"to steal","stehlen","","Sounds like ""steal""."
"flood / high tide","Flut","die","Sounds like ""flood""."
"low tide / ebb","Ebbe","die","Sounds like ""ebb""."
"harbour","Hafen","der","Hook: haven. A safe haven is a harbour. Copenhagen = merchants harbour."
"anchor","Anker","der","Sounds like ""anchor""."
"sail","Segel","das","Sounds like ""sail""."
"to sail","segeln","","Sounds like ""sail""."
"car / wagon","Wagen","der","Hook: wagon. wagon : Volkswagen = the people's car."
"neighbour","Nachbar","der","Hook: neighbour. Both mean nigh-dweller: the one living near. Neighbour = nigh + boor."
"needle","Nadel","die","Sounds like ""needle""."
"wool","Wolle","die","Sounds like ""wool""."
"linen","Leinen","das","Sounds like ""linen""."
"belt / girdle","Gürtel","der","Sounds like ""girdle""."
"cellar / basement","Keller","der","Hook: cellar. Latin cellarium: cellar → Keller."
"chamber / small room","Kammer","die","Hook: chamber. Latin camera: chamber Yes, the camera was once a room!"
"hall","Halle","die","Sounds like ""hall""."
"tower","Turm","der","Hook: tower. Latin turris: tower → Turm."
"gable","Giebel","der","Sounds like ""gable""."
"hammer","Hammer","der","Near-identical to English ""hammer""."
"saw","Säge","die","Sounds like ""saw""."
"to drill / to bore","bohren","","Hook: bore. A boring tool bores holes: bore → bohren."
"oven / stove","Ofen","der","Sounds like ""oven""."
"stove / cooker / hearth","Herd","der","Hook: hearth. hearth : the fire at the heart of the home."
"fireplace / chimney","Kamin","der","Hook: chimney. Latin caminus: chimney → Kamin."
"smoke","Rauch","der","Hook: reek. Smoke reeks: Rauch - reek. Reykjavik = smoky bay!"
"ash","Asche","die","Sounds like ""ash""."
"coal","Kohle","die","Hook: coal. coal Also slang for money!"
"flame","Flamme","die","Sounds like ""flame""."
"bean","Bohne","die","Sounds like ""bean""."
"cabbage","Kohl","der","Hook: coleslaw. English cole (old word for cabbage): coleslaw = cabbage salad."
"cherry","Kirsche","die","Hook: cherry. Latin cerasus behind both: cherry → Kirsche."
"berry","Beere","die","Sounds like ""berry""."
"strawberry","Erdbeere","die","Hook: earth-berry. Erd (earth) + Beere (berry): the berry that grows on the ground."
"lemon","Zitrone","die","Hook: citron. The citrus family: citron → Zitrone."
"noodle / pasta","Nudel","die","Hook: noodle. English borrowed noodle FROM German!"
"rice","Reis","der","Sounds like ""rice""."
"rye","Roggen","der","Sounds like ""rye""."
"quark (cheese)","Quark","der","Hook: Quark. English borrowed it: even the physics particle was named after it."
"ham","Schinken","der","Hook: shank. English shank = the leg cut of meat."
"sour","sauer","","Hook: sour. sour : sauerkraut crossed into English whole."
"mild","mild","","Hook: mild. Identical: mild → mild."
"fresh","frisch","","Sounds like ""fresh""."
"rotten / lazy","faul","","Hook: foul. foul : it means both rotten AND lazy. A foul deal is ein fauler Deal."
"raw","roh","","Sounds like ""raw""."
"fat (adjective)","fett","","Sounds like ""fat""."
"meager / lean","mager","","Sounds like ""meager""."
"slim / slender","schlank","","Hook: lanky. The slim root: lank → schlank."
"firm / solid / fixed","fest","","Hook: fast. English fast originally meant firm: steadfast, hold fast. German kept that."
"loose","lose","","Sounds like ""loose""."
"even / level / flat","eben","","Sounds like ""even""."
"flat","flach","","Sounds like ""flat""."
"soft / gentle","sanft","","Sounds like ""soft""."
"naked","nackt","","Sounds like ""naked""."
"blind","blind","","Hook: blind. Identical spelling: blind → blind."
"lame","lahm","","Hook: lame. lame : also lame in the slang sense."
"round","rund","","Sounds like ""round""."
"hollow","hohl","","Sounds like ""hollow""."
"double","doppelt","","Sounds like ""double""."
"equal / same / right away","gleich","","Hook: alike. A-like = ge-lich: the same word in two disguises. Bis gleich = see you in."
"pointed / sharp-tipped","spitz","","Hook: spitz. The spitz dog breed has pointed ears: English borrowed the word."
"blunt / dull","stumpf","","Hook: stump. Blunt like a stump: p→pf at the end."
"courage","Mut","der","Hook: mood. Old English mod = spirit, courage. Mut = courage; mood is its faded cousin."
"worry / care","Sorge","die","Sounds like ""sorrow""."
"shame","Scham","die","Sounds like ""shame""."
"mourning / grief","Trauer","die","Hook: dreary. Old English dreorig = sorrowful: dreary - traurig."
"sad","traurig","","Hook: dreary. Old English dreorig = sad, bloody: dreary → traurig."
"comfort / consolation","Trost","der","Hook: trust. Trost and trust share a root: comfort is what you can lean on."
"joy","Freude","die","Hook: frolic. Frolic came from the same root as fröhlich and Freude."
"merry / cheerful","fröhlich","","Hook: frolic. English frolic = Dutch vrolijk = German fröhlich."
"stomach","Magen","der","Hook: maw. English maw = an animal's stomach."
"part / share","Teil","der","Hook: deal. Old English dael = part: a great deal."
"to share / to divide","teilen","","Hook: deal. A card dealer deals = shares out the cards."
"to spin","spinnen","","Hook: spin. spin Du spinnst! = you are crazy (your head is spinning)."
"to sink","sinken","","Sounds like ""sink""."
"to swing","schwingen","","Sounds like ""swing""."
"to wring","wringen","","Sounds like ""wring""."
"to wind / to twist","winden","","Hook: wind. wind : a winding road."
"to milk","melken","","Sounds like ""milk""."
"to grind","mahlen","","Hook: mill / meal. mahlen - mill: ground grain = meal."
"to brew","brauen","","Hook: brew. brew : Brauerei = brewery."
"to roast / to fry","braten","","Hook: bratwurst. English borrowed Bratwurst: the roast-sausage."
"to thaw","tauen","","Sounds like ""thaw""."
"to strew / to scatter","streuen","","Sounds like ""strew""."
"to tread / to step / to kick","treten","","Sounds like ""tread""."
"to weigh","wiegen","","Sounds like ""weigh""."
"to save (money) / to spare","sparen","","Hook: spare. To spare money = to save it. Sparkasse = savings bank."
"to swell","schwellen","","Sounds like ""swell""."
"to shrink","schrumpfen","","Hook: shrink. The shr- pair: shrink → schrumpfen."
"screw","Schraube","die","Sounds like ""screw""."
"fox","Fuchs","der","Sounds like ""fox""."
"crab / cancer","Krebs","der","Hook: crab. crab : also cancer, via the zodiac Crab."
"worm","Wurm","der","Sounds like ""worm""."
"louse","Laus","die","Hook: louse. louse : lousy!"
"ape / monkey","Affe","der","Sounds like ""ape""."
"hare","Hase","der","Sounds like ""hare""."
"stag / deer","Hirsch","der","Hook: hart. English hart = stag: all the White Hart pubs."
"ox","Ochse","der","Sounds like ""ox""."
"foal","Fohlen","das","Sounds like ""foal""."
"wing","Flügel","der","Hook: fly. The Flügel is the fly-er; also a grand piano (winged shape)."
"nest","Nest","das","Hook: Nest. Identical: Nest → Nest."
"Monday","Montag","der","Hook: Monday. Moon-day in both languages: Mond + Tag."
"Thursday","Donnerstag","der","Hook: Thursday. Thunder-day: Thor's day in both languages."
"Friday","Freitag","der","Hook: Friday. The goddess Frigg / Freya's day in both."
"Sunday","Sonntag","der","Hook: Sunday. Sun-day: Sonne + Tag."
"here","hier","","Sounds like ""here""."
"under / below","unter","","Sounds like ""under""."
"before / in front of","vor","","Hook: fore. before, forecast: vor - fore."
"behind","hinter","","Hook: hind. behind, hindsight: hinter - hind."
"against","gegen","","Hook: against. Old English ongegn: gegen - against."
"between","zwischen","","Hook: between. Both are built on TWO: zwei, twain→between."
"with","mit","","Hook: mid. Old English mid = with: amid = in the middle, with."
"by / at (someone's place)","bei","","Hook: by. by : bei mir = at my place, by me."
"in","in","","Hook: in. Identical: in → in."
"so","so","","Hook: so. Identical: so → so."
"very","sehr","","Hook: sore. Old English sare = very: sore afraid in the King James Bible."
"up (direction / open)","auf","","Hook: up. The picture matches: aufstehen = stand up, aufmachen = open up."
"Wednesday","Mittwoch","der","Hook: mid-week. Mittwoch literally = midweek. English Wednesday hides Woden instead."
"vacuum cleaner","Staubsauger","der","Hook: dust-sucker. Staub (dust) + Sauger (sucker): says exactly what it does."
"refrigerator","Kühlschrank","der","Hook: cool-cupboard. Kühl (cool) + Schrank (cupboard)."
"light bulb","Glühbirne","die","Hook: glow-pear. Glüh (glow) + Birne (pear): a pear that glows!"
"airplane","Flugzeug","das","Hook: flight-stuff. Flug (flight) + Zeug (stuff, gear)."
"toy","Spielzeug","das","Hook: play-stuff. Spiel (play) + Zeug (stuff)."
"tool","Werkzeug","das","Hook: work-stuff. Werk (work) + Zeug (stuff)."
"lighter","Feuerzeug","das","Hook: fire-stuff. Feuer (fire) + Zeug (stuff)."
"ambulance","Krankenwagen","der","Hook: sick-wagon. Kranken (sick) + Wagen (wagon)."
"turtle / tortoise","Schildkröte","die","Hook: shield-toad. Schild (shield) + Kröte (toad): unforgettable."
"bat (animal)","Fledermaus","die","Hook: flutter-mouse. Fleder (flutter) + Maus (mouse). Die Fledermaus, the operetta!"
"raccoon","Waschbär","der","Hook: wash-bear. Wasch (wash) + Bär (bear): it looks like it washes its food."
"sloth (animal)","Faultier","das","Hook: lazy-animal. Faul (lazy) + Tier (animal)."
"skunk","Stinktier","das","Hook: stink-animal. Stinkt + Tier: no explanation needed."
"hippopotamus","Nilpferd","das","Hook: Nile-horse. Nil + Pferd (horse): same idea as the Greek river-horse."
"guinea pig","Meerschweinchen","das","Hook: little sea-pig. Meer (sea) + Schweinchen (piglet): it came over the sea."
"gums","Zahnfleisch","das","Hook: tooth-flesh. Zahn (tooth) + Fleisch (flesh)."
"headlight","Scheinwerfer","der","Hook: shine-thrower. Schein (shine) + Werfer (thrower): it throws light."
"wall (freestanding / outdoor)","Mauer","die","Hook: mural. Latin murus: a mural is a wall painting. The Berlin Wall = die Berliner."
"wheel","Rad","das","Hook: radial / radius. A wheel is radial; Fahrrad = ride-wheel = bicycle."
"bicycle","Fahrrad","das","Hook: ride-wheel. Fahr (ride) + Rad (wheel): says what it is."
"worry / grief","Kummer","der","Hook: encumber. To be encumbered = weighed down: Kummer is that weight on the soul."
"island","Insel","die","Hook: insular / peninsula. Latin insula: insular thinking = island thinking."
"coast","Küste","die","Hook: coast. Latin costa (rib, side): coast → Küste."
"wave (water)","Welle","die","Hook: well up. Water wells up in waves: the w- start helps."
"hotel","Hotel","das","Hook: Hotel. International word: nearly identical in English."
"restaurant","Restaurant","das","Hook: Restaurant. International word: nearly identical in English."
"cafe","Café","das","Hook: cafe. International word: nearly identical in English."
"bar","Bar","die","Hook: bar. International word: nearly identical in English."
"taxi","Taxi","das","Hook: Taxi. International word: nearly identical in English."
"bus","Bus","der","Hook: bus. International word: nearly identical in English."
"car / automobile","Auto","das","Hook: car / automobile. International word: nearly identical in English."
"radio","Radio","das","Hook: Radio. International word: nearly identical in English."
"computer","Computer","der","Hook: Computer. International word: nearly identical in English."
"internet","Internet","das","Hook: Internet. International word: nearly identical in English."
"telephone","Telefon","das","Hook: telephone. International word: nearly identical in English."
"camera","Kamera","die","Hook: camera. International word: nearly identical in English."
"photo","Foto","das","Hook: photo. International word: nearly identical in English."
"film / movie","Film","der","Hook: Film / movie. International word: nearly identical in English."
"music","Musik","die","Hook: music. International word: nearly identical in English."
"concert","Konzert","das","Hook: concert. International word: nearly identical in English."
"theatre","Theater","das","Hook: theatre. International word: nearly identical in English."
"museum","Museum","das","Hook: Museum. International word: nearly identical in English."
"park","Park","der","Hook: Park. International word: nearly identical in English."
"bank","Bank","die","Hook: Bank. Same word. Careful: die Bank also means a bench (plural Bänke)!"
"police","Polizei","die","Hook: police. International word: nearly identical in English."
"university","Universität","die","Hook: university. International word: nearly identical in English."
"student","Student","der","Hook: Student. International word: nearly identical in English."
"professor","Professor","der","Hook: Professor. International word: nearly identical in English."
"doctor (title)","Doktor","der","Hook: doctor (title). International word: nearly identical in English."
"medicine","Medizin","die","Hook: medicine. International word: nearly identical in English."
"family","Familie","die","Hook: family. International word: nearly identical in English."
"person","Person","die","Hook: Person. International word: nearly identical in English."
"nation","Nation","die","Hook: Nation. International word: nearly identical in English."
"culture","Kultur","die","Hook: culture. International word: nearly identical in English."
"nature","Natur","die","Hook: nature. International word: nearly identical in English."
"sport","Sport","der","Hook: Sport. International word: nearly identical in English."
"football / soccer","Fußball","der","Hook: foot + ball. Fuß + Ball: literally football - and it means soccer."
"tennis","Tennis","das","Hook: Tennis. International word: nearly identical in English."
"golf","Golf","das","Hook: Golf. International word: nearly identical in English."
"hobby","Hobby","das","Hook: Hobby. International word: nearly identical in English."
"party","Party","die","Hook: Party. International word: nearly identical in English."
"baby","Baby","das","Hook: Baby. International word: nearly identical in English."
"ticket","Ticket","das","Hook: Ticket. International word: nearly identical in English."
"idea","Idee","die","Hook: idea. International word: nearly identical in English."
"problem","Problem","das","Hook: Problem. International word: nearly identical in English."
"project","Projekt","das","Hook: project. International word: nearly identical in English."
"plan","Plan","der","Hook: Plan. International word: nearly identical in English."
"program","Programm","das","Hook: program. International word: nearly identical in English."
"paper","Papier","das","Hook: paper. International word: nearly identical in English."
"card / map","Karte","die","Hook: card. die Karte = card, ticket, menu AND map: one word, many uses."
"address","Adresse","die","Hook: address. International word: nearly identical in English."
"number (of a house, phone)","Nummer","die","Hook: number. International word: nearly identical in English."
"minute","Minute","die","Hook: Minute. International word: nearly identical in English."
"second (time)","Sekunde","die","Hook: second (time). International word: nearly identical in English."
"moment","Moment","der","Hook: Moment. International word: nearly identical in English."
"situation","Situation","die","Hook: Situation. International word: nearly identical in English."
"information","Information","die","Hook: Information. International word: nearly identical in English."
"organisation","Organisation","die","Hook: Organisation. International word: nearly identical in English."
"discussion","Diskussion","die","Hook: discussion. International word: nearly identical in English."
"interest","Interesse","das","Hook: interest. International word: nearly identical in English."
"guitar","Gitarre","die","Hook: guitar. International word: nearly identical in English."
"opera","Oper","die","Hook: opera. International word: nearly identical in English."
"salad / lettuce","Salat","der","Hook: salad / lettuce. International word: nearly identical in English."
"tomato","Tomate","die","Hook: tomato. International word: nearly identical in English."
"banana","Banane","die","Hook: banana. International word: nearly identical in English."
"chocolate","Schokolade","die","Hook: chocolate. International word: nearly identical in English."
"coffee","Kaffee","der","Hook: coffee. International word: nearly identical in English."
"tea","Tee","der","Hook: tea. International word: nearly identical in English."
"January","Januar","der","Hook: January. International word: nearly identical in English."
"February","Februar","der","Hook: February. International word: nearly identical in English."
"March","März","der","Hook: March. International word: nearly identical in English."
"April","April","der","Hook: April. International word: nearly identical in English."
"May","Mai","der","Hook: May. International word: nearly identical in English."
"June","Juni","der","Hook: June. International word: nearly identical in English."
"July","Juli","der","Hook: July. International word: nearly identical in English."
"August","August","der","Hook: August. International word: nearly identical in English."
"September","September","der","Hook: September. International word: nearly identical in English."
"October","Oktober","der","Hook: October. International word: nearly identical in English."
"November","November","der","Hook: November. International word: nearly identical in English."
"December","Dezember","der","Hook: December. International word: nearly identical in English."
"interesting","interessant","","Hook: interesting. International word: nearly identical in English."
"modern","modern","","Hook: modern. International word: nearly identical in English."
"international","international","","Hook: international. international word: nearly identical in English."
"direct","direkt","","Hook: direct. International word: nearly identical in English."
"perfect","perfekt","","Hook: perfect. International word: nearly identical in English."
"extreme","extrem","","Hook: extreme. International word: nearly identical in English."
"active","aktiv","","Hook: active. International word: nearly identical in English."
"creative","kreativ","","Hook: creative. International word: nearly identical in English."
"positive","positiv","","Hook: positive. International word: nearly identical in English."
"negative","negativ","","Hook: negative. International word: nearly identical in English."
"wife / woman (archaic, coarse today)","Weib","das","Hook: wife. Sound shift: v→b."
