english,target,article,plural,type,register,tags,note,alternatives,article_prompt,level,example_en,example_target
person,Person,die,Personen,noun,neutral,core;noun,,,true,A1,,
man,Mann,der,Männer,noun,neutral,core;noun,,,true,A1,,
woman,Frau,die,Frauen,noun,neutral,core;noun,,,true,A1,,
child,Kind,das,Kinder,noun,neutral,core;noun,,,true,A1,,
friend,Freund,der,Freunde,noun,neutral,core;noun,,,true,A1,,
female friend,Freundin,die,Freundinnen,noun,neutral,core;noun,,,true,A1,,
family,Familie,die,Familien,noun,neutral,core;noun,,,true,A1,,
house,Haus,das,Häuser,noun,neutral,core;noun,,,true,A1,,
apartment,Wohnung,die,Wohnungen,noun,neutral,core;noun,,,true,A1,,
room,Zimmer,das,Zimmer,noun,neutral,core;noun,,,true,A1,,
door,Tür,die,Türen,noun,neutral,core;noun,,,true,A1,,
window,Fenster,das,Fenster,noun,neutral,core;noun,,,true,A1,,
table,Tisch,der,Tische,noun,neutral,core;noun,,,true,A1,,
chair,Stuhl,der,Stühle,noun,neutral,core;noun,,,true,A1,,
bed,Bett,das,Betten,noun,neutral,core;noun,,,true,A1,,
city,Stadt,die,Städte,noun,neutral,core;noun,,,true,A1,,
street,Straße,die,Straßen,noun,neutral,core;noun,,,true,A1,,
station,Bahnhof,der,Bahnhöfe,noun,neutral,core;noun,,,true,A1,,
airport,Flughafen,der,Flughäfen,noun,neutral,core;noun,,,true,A1,,
train,Zug,der,Züge,noun,neutral,core;noun,,,true,A1,,
car,Auto,das,Autos,noun,neutral,core;noun,,,true,A1,,
bike,Fahrrad,das,Fahrräder,noun,neutral,core;noun,,,true,A1,,
ticket,Fahrkarte,die,Fahrkarten,noun,neutral,core;noun,,,true,A1,,
money,Geld,das,Gelder,noun,neutral,core;noun,,,true,A1,,
card,Karte,die,Karten,noun,neutral,core;noun,,,true,A1,,
bill,Rechnung,die,Rechnungen,noun,neutral,core;noun,,,true,A1,,
food,Essen,das,,noun,neutral,core;noun,,,true,A1,,
water,Wasser,das,,noun,neutral,core;noun,,,true,A1,,
coffee,Kaffee,der,Kaffees,noun,neutral,core;noun,,,true,A1,,
beer,Bier,das,Biere,noun,neutral,core;noun,,,true,A1,,
wine,Wein,der,Weine,noun,neutral,core;noun,,,true,A1,,
bread,Brot,das,Brote,noun,neutral,core;noun,,,true,A1,,
breakfast,Frühstück,das,Frühstücke,noun,neutral,core;noun,,,true,A1,,
lunch,Mittagessen,das,,noun,neutral,core;noun,,,true,A1,,
dinner,Abendessen,das,,noun,neutral,core;noun,,,true,A1,,
day,Tag,der,Tage,noun,neutral,core;noun,,,true,A1,,
week,Woche,die,Wochen,noun,neutral,core;noun,,,true,A1,,
month,Monat,der,Monate,noun,neutral,core;noun,,,true,A1,,
year,Jahr,das,Jahre,noun,neutral,core;noun,,,true,A1,,
time,Zeit,die,Zeiten,noun,neutral,core;noun,,,true,A1,,
moment,Moment,der,Momente,noun,neutral,core;noun,,,true,A1,,
question,Frage,die,Fragen,noun,neutral,core;noun,,,true,A1,,
answer,Antwort,die,Antworten,noun,neutral,core;noun,,,true,A1,,
problem,Problem,das,Probleme,noun,neutral,core;noun,,,true,A1,,
solution,Lösung,die,Lösungen,noun,neutral,core;noun,,,true,A1,,
idea,Idee,die,Ideen,noun,neutral,core;noun,,,true,A1,,
thought,Gedanke,der,Gedanken,noun,neutral,core;noun,,,true,A1,,
feeling,Gefühl,das,Gefühle,noun,neutral,core;noun,,,true,A1,,
fear,Angst,die,Ängste,noun,neutral,core;noun,,,true,A1,,
love,Liebe,die,,noun,neutral,core;noun,,,true,A1,,
trust,Vertrauen,das,,noun,neutral,core;noun,,,true,A1,,
clarity,Klarheit,die,,noun,neutral,core;noun,,,true,A1,,
safety,Sicherheit,die,Sicherheiten,noun,neutral,core;noun,,,true,A1,,
boundary,Grenze,die,Grenzen,noun,neutral,core;noun,,,true,A1,,
decision,Entscheidung,die,Entscheidungen,noun,neutral,core;noun,,,true,A1,,
responsibility,Verantwortung,die,Verantwortungen,noun,neutral,core;noun,,,true,A1,,
truth,Wahrheit,die,Wahrheiten,noun,neutral,core;noun,,,true,A1,,
conversation,Gespräch,das,Gespräche,noun,neutral,core;noun,,,true,A1,,
conflict,Konflikt,der,Konflikte,noun,neutral,core;noun,,,true,A1,,
mistake,Fehler,der,Fehler,noun,neutral,core;noun,,,true,A1,,
reason,Grund,der,Gründe,noun,neutral,core;noun,,,true,A1,,
situation,Situation,die,Situationen,noun,neutral,core;noun,,,true,A1,,
state / condition,Zustand,der,Zustände,noun,neutral,core;noun,,,true,A1,,
direction,Richtung,die,Richtungen,noun,neutral,core;noun,,,true,A1,,
plan,Plan,der,Pläne,noun,neutral,core;noun,,,true,A1,,
work,Arbeit,die,Arbeiten,noun,neutral,core;noun,,,true,A1,,
task,Aufgabe,die,Aufgaben,noun,neutral,core;noun,,,true,A1,,
project,Projekt,das,Projekte,noun,neutral,core;noun,,,true,A1,,
model,Modell,das,Modelle,noun,neutral,core;noun,,,true,A1,,
parameter,Parameter,der,Parameter,noun,neutral,core;noun,,,true,A1,,
view,Ansicht,die,Ansichten,noun,neutral,core;noun,,,true,A1,,
export,Export,der,Exporte,noun,neutral,core;noun,,,true,A1,,
structure,Struktur,die,Strukturen,noun,neutral,core;noun,,,true,A1,,
system,System,das,Systeme,noun,neutral,core;noun,,,true,A1,,
process,Prozess,der,Prozesse,noun,neutral,core;noun,,,true,A1,,
quality,Qualität,die,Qualitäten,noun,neutral,core;noun,,,true,A1,,
risk,Risiko,das,Risiken,noun,neutral,core;noun,,,true,A1,,
change,Änderung,die,Änderungen,noun,neutral,core;noun,,,true,A1,,
date / appointment,Termin,der,Termine,noun,neutral,core;noun,,,true,A1,,
deadline,Frist,die,Fristen,noun,neutral,core;noun,,,true,A1,,
message,Nachricht,die,Nachrichten,noun,neutral,core;noun,,,true,A1,,
email,E-Mail,die,E-Mails,noun,neutral,core;noun,,,true,A1,,
file,Datei,die,Dateien,noun,neutral,core;noun,,,true,A1,,
folder,Ordner,der,Ordner,noun,neutral,core;noun,,,true,A1,,
phone,Telefon,das,Telefone,noun,neutral,core;noun,,,true,A1,,
computer,Computer,der,Computer,noun,neutral,core;noun,,,true,A1,,
app,App,die,Apps,noun,neutral,core;noun,,,true,A1,,
language,Sprache,die,Sprachen,noun,neutral,core;noun,,,true,A1,,
word,Wort,das,Wörter,noun,neutral,core;noun,,,true,A1,,
sentence,Satz,der,Sätze,noun,neutral,core;noun,,,true,A1,,
expression,Ausdruck,der,Ausdrücke,noun,neutral,core;noun,,,true,A1,,
example,Beispiel,das,Beispiele,noun,neutral,core;noun,,,true,A1,,
level,Niveau,das,Niveaus,noun,neutral,core;noun,,,true,A1,,
article,Artikel,der,Artikel,noun,neutral,core;noun,,,true,A1,,
plural,Plural,der,Plurale,noun,neutral,core;noun,,,true,A1,,
grammar,Grammatik,die,Grammatiken,noun,neutral,core;noun,,,true,A1,,
