word_id,english,target,article,plural,type,level,tags,hint
g001,to be allowed to / may,dürfen,,,modal infinitive,A1,modal;grammar,nicht dürfen = must not / not allowed to
g002,to be able to / can,können,,,modal infinitive,A1,modal;grammar,Modal verb in position 2; main verb at the end.
g003,to have to / must,müssen,,,modal infinitive,A1,modal;grammar,nicht müssen = do not have to.
g004,to want to,wollen,,,modal infinitive,A1,modal;grammar,ich will = I want to.
g005,to be supposed to / should,sollen,,,modal infinitive,A2,modal;grammar,soll ich...? = am I supposed to...?
g006,to like / may,mögen,,,modal infinitive,A2,modal;grammar,Also appears as möchten = would like.
g007,would like,möchten,,,modal form,A1,modal;polite,Polite wish form: ich möchte.
g008,I may / I am allowed to,ich darf,,,modal form,A1,modal;present,ich and er/sie/es have the same modal stem form.
g009,you may / you are allowed to,du darfst,,,modal form,A1,modal;present,du-form usually adds -st.
g010,he may / he is allowed to,er darf,,,modal form,A1,modal;present,Same form as ich: darf.
g011,we may / we are allowed to,wir dürfen,,,modal form,A1,modal;present,Plural form matches infinitive.
g012,I can,ich kann,,,modal form,A1,modal;present,können loses umlaut in ich/er form.
g013,you can,du kannst,,,modal form,A1,modal;present,du + kannst.
g014,he can,er kann,,,modal form,A1,modal;present,Same form as ich: kann.
g015,we can,wir können,,,modal form,A1,modal;present,Plural keeps können.
g016,I must / I have to,ich muss,,,modal form,A1,modal;present,müssen loses umlaut in ich/er form.
g017,you must / you have to,du musst,,,modal form,A1,modal;present,du + musst.
g018,we must / we have to,wir müssen,,,modal form,A1,modal;present,Plural keeps müssen.
g019,I want to,ich will,,,modal form,A1,modal;present,wollen is irregular: ich will.
g020,you want to,du willst,,,modal form,A1,modal;present,du + willst.
g021,we want to,wir wollen,,,modal form,A1,modal;present,Plural matches infinitive.
g022,I should / I am supposed to,ich soll,,,modal form,A2,modal;present,sollen: ich soll.
g023,you should / you are supposed to,du sollst,,,modal form,A2,modal;present,du + sollst.
g024,we should / we are supposed to,wir sollen,,,modal form,A2,modal;present,Plural matches infinitive.
g025,must not / not allowed to,nicht dürfen,,,modal phrase,A2,modal;negation,Prohibition: not allowed to.
g026,do not have to,nicht müssen,,,modal phrase,A2,modal;negation,No obligation: you do not have to.
g027,would be,wäre,,,konjunktiv ii form,A2,konjunktiv;conditional,Konjunktiv II of sein.
g028,you would be,wärst,,,konjunktiv ii form,A2,konjunktiv;conditional,du-form of wäre.
g029,we/they would be,wären,,,konjunktiv ii form,A2,konjunktiv;conditional,Plural form of wäre.
g030,would have,hätte,,,konjunktiv ii form,A2,konjunktiv;conditional,Konjunktiv II of haben.
g031,you would have,hättest,,,konjunktiv ii form,A2,konjunktiv;conditional,du-form of hätte.
g032,we/they would have,hätten,,,konjunktiv ii form,A2,konjunktiv;conditional,Plural form of hätte.
g033,would do / would,würde,,,konjunktiv ii form,A2,konjunktiv;conditional,würde + infinitive.
g034,you would,würdest,,,konjunktiv ii form,A2,konjunktiv;conditional,du-form of würde.
g035,we/they would,würden,,,konjunktiv ii form,A2,konjunktiv;conditional,Plural form of würde.
g036,could,könnte,,,konjunktiv ii modal,A2,konjunktiv;modal,Konjunktiv II of können.
g037,would have to,müsste,,,konjunktiv ii modal,A2,konjunktiv;modal,Konjunktiv II of müssen.
g038,should / was supposed to,sollte,,,konjunktiv ii modal,A2,konjunktiv;modal,Konjunktiv II / preterite-like form of sollen.
g039,would be allowed to,dürfte,,,konjunktiv ii modal,B1,konjunktiv;modal,Konjunktiv II of dürfen.
g040,would have had to,hätte müssen,,,konjunktiv ii pattern,B1,konjunktiv;past;modal,Unfulfilled past obligation.
g041,should not have been allowed to,hätte nicht dürfen,,,konjunktiv ii pattern,B1,konjunktiv;past;modal,Past regret/prohibition pattern.
g042,have + past participle,haben + Partizip II,,,grammar pattern,A2,perfekt;past,Most verbs use haben in Perfekt.
g043,be + past participle,sein + Partizip II,,,grammar pattern,A2,perfekt;past,Movement/change verbs often use sein.
g044,past participle,Partizip II,,,grammar term,A2,perfekt;past,The past participle goes to the end.
g045,regular participle pattern,ge + Stamm + t,,,grammar pattern,A2,perfekt;regular,sagen → gesagt.
g046,irregular participle pattern,ge + Stamm + en,,,grammar pattern,A2,perfekt;irregular,sehen → gesehen.
g047,seen,gesehen,,,participle,A2,perfekt;irregular,sehen → gesehen.
g048,said,gesagt,,,participle,A1,perfekt;regular,sagen → gesagt.
g049,thought,gedacht,,,participle,A2,perfekt;irregular,denken → gedacht.
g050,hung / been hanging,gehangen,,,participle,B1,perfekt;irregular,hängen → gehangen.
g051,known,gewusst,,,participle,A2,perfekt;irregular,wissen → gewusst.
g052,found,gefunden,,,participle,A2,perfekt;irregular,finden → gefunden.
g053,hopped,gehüpft,,,participle,A2,perfekt;movement,hüpfen often with sein when movement/change is stressed.
g054,fallen,gefallen,,,participle,A2,perfekt;movement,fallen uses sein.
g055,come,gekommen,,,participle,A1,perfekt;movement,kommen uses sein.
g056,gone,gegangen,,,participle,A1,perfekt;movement,gehen uses sein.
g057,imagined,vorgestellt,,,participle,B1,perfekt;separable,vor + ge + stellt.
g058,opened / flipped open,aufgeklappt,,,participle,B1,perfekt;separable,auf + ge + klappt.
g059,I have,ich hab,,,colloquial form,A1,colloquial;perfekt,Spoken form of ich habe.
g060,separable verb,trennbares Verb,,,grammar term,A2,separable;grammar,Prefix can move to the end.
g061,prefix goes to the end,Präfix ans Ende,,,grammar pattern,A2,separable;word-order,Main clause rule for separable verbs.
g062,prefix + zu + verb stem,Präfix + zu + Stamm,,,grammar pattern,B1,separable;zu-infinitive,"auszusehen, anzufangen."
g063,prefix + ge + stem,Präfix + ge + Stamm,,,grammar pattern,A2,separable;participle,Participle pattern: vorgestellt.
g064,to wake up,aufwachen,,,separable verb,A1,separable;movement,auf + wachen; uses sein.
g065,to get up,aufstehen,,,separable verb,A1,separable;movement,auf + stehen; uses sein.
g066,to imagine,sich vorstellen,,,separable verb,A2,separable;reflexive,vorstellen can mean imagine.
g067,to turn out,sich herausstellen,,,separable verb,B1,separable;reflexive,heraus + stellen.
g068,to find out,herausfinden,,,separable verb,A2,separable;knowledge,heraus + finden.
g069,to interfere / step in,sich einmischen,,,separable verb,B1,separable;reflexive,ein + mischen.
g070,to reprimand,zurechtweisen,,,separable verb,B2,separable;speech,zurecht + weisen.
g071,to come out,rauskommen,,,separable verb,A2,separable;movement;colloquial,raus is colloquial for heraus.
g072,to laugh oneself to death,sich totlachen,,,separable-like verb,B1,colloquial;reflexive,Common exaggeration: laugh oneself dead.
g073,to turn off / agree on,ausmachen,,,separable verb,A2,separable;polysemy,ausmachen has several meanings.
g074,to look like,aussehen,,,separable verb,A2,separable;appearance,zu form: auszusehen.
g075,to begin / start,anfangen,,,separable verb,A1,separable;action,zu form: anzufangen.
g076,"to look like, with zu",auszusehen,,,zu-infinitive form,B1,separable;zu-infinitive,zu goes between prefix and stem.
g077,"to start, with zu",anzufangen,,,zu-infinitive form,B1,separable;zu-infinitive,an + zu + fangen.
g078,because,weil,,,conjunction,A1,conjunction;word-order,Standard weil sends verb to the end.
g079,because / for,denn,,,conjunction,A2,conjunction;word-order,denn always uses verb-second order.
g080,"when, single past event",als,,,conjunction,A2,conjunction;time,Use for one completed past event.
g081,when/whenever/if,wenn,,,conjunction,A1,conjunction;time,"Repeated, general, present or future."
g082,verb at the end,Verb am Ende,,,grammar pattern,A2,word-order;subordinate,"Used after standard weil, als, wenn."
g083,verb second,Verbzweitstellung,,,grammar term,B1,word-order;main-clause,Normal German main-clause order.
g084,because + verb at end,weil + Verb am Ende,,,grammar pattern,A2,weil;word-order,Formal/standard weil pattern.
g085,because + verb second,weil + Verbzweitstellung,,,grammar pattern,B1,weil;colloquial,Common in spoken German.
g086,denn + verb second,denn + Verbzweitstellung,,,grammar pattern,A2,denn;word-order,denn cannot start a sentence.
g087,to me it is dizzy / I am dizzy,mir ist schwindlig,,,impersonal phrase,A2,impersonal;dative,German uses dative: mir.
g088,I feel sick,mir wird übel,,,impersonal phrase,A2,impersonal;dative,werden for becoming/feeling sick.
g089,I am hot,mir ist heiß,,,impersonal phrase,A2,impersonal;dative,Physical sensation with dative.
g090,that hurts me,das tut mir weh,,,impersonal phrase,A2,impersonal;dative,weh tun takes dative person.
g091,it takes time,es dauert,,,impersonal phrase,A1,impersonal;es,es as dummy subject.
g092,there is a bang,es knallt,,,impersonal phrase,B1,impersonal;sound,es + sound/event verb.
g093,it smells,es riecht,,,impersonal phrase,A2,impersonal;senses,es as dummy subject.
g094,it hurts,es tut weh,,,impersonal phrase,A2,impersonal;pain,No named subject needed.
g095,one / people / you in general,man,,,pronoun,A1,impersonal;pronoun,man always takes 3rd-person singular verb.
g096,one does / people do,man macht,,,impersonal phrase,A1,impersonal;pronoun,man + 3rd-person singular verb.
g097,I say,ich sag,,,colloquial form,A1,colloquial;dropped-e,Spoken form of ich sage.
g098,I look for,ich such,,,colloquial form,A1,colloquial;dropped-e,Spoken form of ich suche.
g099,I think,ich denk,,,colloquial form,A1,colloquial;dropped-e,Spoken form of ich denke.
g100,I look,ich guck,,,colloquial form,A1,colloquial;dropped-e,Spoken form of ich gucke.
g101,try it,versuch's,,,contraction,A2,colloquial;contraction,versuche es → versuch's.
g102,do it,mach's,,,contraction,A1,colloquial;contraction,mache es → mach's.
g103,I it,ich's,,,contraction,B1,colloquial;contraction,ich es → ich's.
g104,they will find it out,sie erfahren's,,,contraction,B1,colloquial;contraction,sie erfahren es → sie erfahren's.
g105,to keep one's mouth shut,Klappe halten,,,colloquial phrase,B1,colloquial;expression,Very informal expression.
g106,I do not care,mir ist alles egal,,,colloquial phrase,A2,colloquial;expression,Literally: everything is indifferent to me.
g107,not exactly great,nicht gerade der große Bringer,,,colloquial phrase,B1,colloquial;expression,Bringer = something good/useful.
g108,to make a fool of oneself,sich zum Obst machen,,,colloquial phrase,B2,colloquial;idiom,Idiomatic spoken phrase.
g109,"what happened, happened","was passiert ist, ist passiert",,,colloquial phrase,A2,colloquial;expression,Common resigned expression.
g110,to be slow on the uptake,auf der Leitung stehen,,,colloquial phrase,B1,colloquial;idiom,Literally: to stand on the line.
g111,to speak plainly,Klartext reden,,,colloquial phrase,B1,colloquial;expression,Klartext = plain language.
g112,to crack up laughing,sich kaputtlachen,,,colloquial phrase,B1,colloquial;expression,kaputtlachen = laugh very hard.
g113,you see / namely / the thing is,nämlich,,,adverb,A2,colloquial;connector,Often explains or justifies what was said.
g114,by the way,übrigens,,,adverb,A2,colloquial;connector,Useful discourse marker.
g115,I understood / I got it,ich hab's begriffen,,,colloquial phrase,A2,colloquial;expression,begreifen = to grasp/understand.
g116,definitely / for sure,mit Sicherheit,,,phrase,A2,colloquial;expression,Literally: with certainty.
