chapter,sentence_id,paragraph,paragraph_sentence,scene
ch01,s001,1,1,1
ch01,s002,1,2,1
ch01,s003,1,3,1
ch01,s004,1,4,1
ch01,s005,1,5,1
ch01,s006,1,6,1
ch01,s007,1,7,1
ch01,s008,1,8,1
ch01,s009,1,9,1
ch01,s010,1,10,1
ch01,s011,1,11,1
ch01,s012,2,1,1
ch01,s013,2,2,1
ch01,s014,2,3,1
ch01,s015,2,4,1
ch01,s016,2,5,1
ch01,s017,2,6,1
ch01,s018,3,1,1
ch01,s019,3,2,1
ch01,s020,3,3,1
ch01,s021,3,4,1
ch01,s022,3,5,1
ch01,s023,3,6,1
ch01,s024,3,7,1
ch01,s025,3,8,1
ch01,s026,4,1,1
ch01,s027,4,2,1
ch01,s028,4,3,1
ch01,s029,4,4,1
ch01,s030,5,1,2
ch01,s031,5,2,2
ch01,s032,6,1,2
ch01,s033,7,1,2
ch01,s034,7,2,2
ch01,s035,7,3,2
ch01,s036,7,4,2
ch01,s037,8,1,2
ch01,s038,9,1,2
ch01,s039,9,2,2
ch01,s040,10,1,2
ch01,s041,10,2,2
ch01,s042,10,3,2
ch01,s043,10,4,2
ch01,s044,11,1,2
ch01,s045,12,1,2
ch01,s046,12,2,2
ch01,s047,12,3,2
ch01,s048,12,4,2
ch01,s049,13,1,2
ch01,s050,13,2,2
ch01,s051,13,3,2
ch01,s052,14,1,2
ch01,s053,14,2,2
ch01,s054,14,3,2
ch01,s055,14,4,2
ch01,s056,15,1,3
ch01,s057,16,1,3
ch01,s058,17,1,3
ch01,s059,18,1,3
ch01,s060,19,1,3
ch01,s061,19,2,3
ch01,s062,20,1,3
ch01,s063,20,2,3
ch01,s064,20,3,3
ch01,s065,20,4,3
ch01,s066,20,5,3
ch01,s067,20,6,3
ch01,s068,20,7,3
ch01,s069,20,8,3
ch01,s070,20,9,3
ch01,s071,21,1,3
ch01,s072,22,1,3
ch01,s073,22,2,3
ch01,s074,22,3,3
ch01,s075,22,4,3
ch01,s076,23,1,3
ch01,s077,23,2,3
ch01,s078,24,1,3
ch01,s079,24,2,3
ch01,s080,24,3,3
ch01,s081,24,4,3
ch01,s082,24,5,3
ch01,s083,25,1,4
ch01,s084,26,1,4
ch01,s085,26,2,4
ch01,s086,26,3,4
ch01,s087,27,1,4
ch01,s088,27,2,4
ch01,s089,27,3,4
ch01,s090,28,1,4
ch01,s091,29,1,4
ch01,s092,30,1,4
ch01,s093,31,1,4
ch01,s094,31,2,4
ch01,s095,31,3,4
ch01,s096,31,4,4
ch01,s097,31,5,4
ch01,s098,31,6,4
ch01,s099,31,7,4
ch01,s100,31,8,4
ch01,s101,31,9,4
ch01,s102,32,1,4
ch01,s103,33,1,4
ch01,s104,33,2,4
ch01,s105,33,3,4
ch01,s106,33,4,4
ch01,s107,33,5,4
ch01,s108,33,6,4
ch01,s109,34,1,5
ch01,s110,34,2,5
ch01,s111,35,1,5
ch01,s112,35,2,5
ch01,s113,35,3,5
ch01,s114,35,4,5
ch01,s115,35,5,5
ch01,s116,36,1,5
ch01,s117,37,1,5
ch01,s118,37,2,5
ch01,s119,37,3,5
ch01,s120,37,4,5
ch01,s121,37,5,5
ch01,s122,38,1,5
ch01,s123,39,1,5
ch01,s124,39,2,5
ch01,s125,39,3,5
ch01,s126,39,4,5
ch01,s127,40,1,5
ch01,s128,40,2,5
ch01,s129,41,1,5
ch01,s130,42,1,6
ch01,s131,42,2,6
ch01,s132,42,3,6
ch01,s133,42,4,6
ch01,s134,42,5,6
ch01,s135,42,6,6
ch01,s136,43,1,6
ch01,s137,43,2,6
ch01,s138,43,3,6
ch01,s139,44,1,6
ch01,s140,44,2,6
ch01,s141,44,3,6
ch01,s142,45,1,6
ch01,s143,45,2,6
ch01,s144,45,3,6
ch01,s145,46,1,6
ch01,s146,46,2,6
ch01,s147,46,3,6
ch01,s148,47,1,6
ch01,s149,47,2,6
ch01,s150,47,3,6
ch01,s151,48,1,6
ch01,s152,49,1,6
ch01,s153,50,1,6
ch01,s154,50,2,6
ch01,s155,51,1,6
ch01,s156,52,1,6
ch01,s157,52,2,6
ch01,s158,53,1,6
ch01,s159,54,1,7
ch01,s160,54,2,7
ch01,s161,55,1,7
ch01,s162,56,1,7
ch01,s163,56,2,7
ch01,s164,56,3,7
ch01,s165,56,4,7
ch01,s166,57,1,7
ch01,s167,57,2,7
ch01,s168,58,1,7
ch01,s169,58,2,7
ch01,s170,58,3,7
ch01,s171,59,1,7
ch01,s172,60,1,8
ch01,s173,60,2,8
ch01,s174,61,1,8
ch01,s175,61,2,8
ch01,s176,61,3,8
ch01,s177,62,1,8
ch01,s178,62,2,8
ch01,s179,62,3,8
ch01,s180,62,4,8
ch01,s181,62,5,8
ch01,s182,62,6,8
ch01,s183,62,7,8
ch01,s184,62,8,8
ch01,s185,62,9,8
ch01,s186,63,1,8
ch01,s187,63,2,8
ch01,s188,64,1,8
ch01,s189,65,1,8
ch01,s190,66,1,8
ch01,s191,67,1,8
ch01,s192,68,1,8
ch01,s193,68,2,8
ch01,s194,69,1,9
ch01,s195,70,1,9
ch01,s196,70,2,9
ch01,s197,71,1,9
ch01,s198,72,1,9
ch01,s199,73,1,9
ch01,s200,74,1,9
ch01,s201,75,1,9
ch01,s202,76,1,9
ch01,s203,77,1,9
ch01,s204,78,1,9
ch01,s205,78,2,9
ch01,s206,78,3,9
ch01,s207,79,1,9
ch01,s208,80,1,9
ch01,s209,81,1,9
ch01,s210,81,2,9
ch01,s211,81,3,9
ch01,s212,82,1,9
ch01,s213,83,1,9
ch01,s214,84,1,9
ch01,s215,84,2,9
ch01,s216,85,1,9
ch01,s217,86,1,9
ch01,s218,87,1,9
ch01,s219,87,2,9
ch01,s220,87,3,9
ch01,s221,87,4,9
ch01,s222,87,5,9
ch01,s223,88,1,10
ch01,s224,89,1,10
ch01,s225,90,1,10
ch01,s226,90,2,10
ch01,s227,91,1,10
ch01,s228,92,1,10
ch01,s229,92,2,10
ch01,s230,93,1,10
ch01,s231,94,1,10
ch01,s232,95,1,10
ch01,s233,96,1,10
ch01,s234,97,1,10
ch01,s235,97,2,10
ch01,s236,97,3,10
ch01,s237,97,4,10
ch01,s238,98,1,10
ch01,s239,99,1,10
ch01,s240,99,2,10
ch01,s241,99,3,10
ch01,s242,99,4,10
ch01,s243,99,5,10
ch01,s244,99,6,10
ch01,s245,100,1,10
ch01,s246,101,1,10
ch01,s247,102,1,10
ch01,s248,103,1,10
ch01,s249,103,2,10
ch01,s250,104,1,10
ch01,s251,104,2,10
ch01,s252,104,3,10
ch01,s253,105,1,11
ch01,s254,105,2,11
ch01,s255,106,1,11
ch01,s256,107,1,11
ch01,s257,107,2,11
ch01,s258,108,1,11
ch01,s259,109,1,11
ch01,s260,110,1,11
ch01,s261,111,1,11
ch01,s262,112,1,11
ch01,s263,113,1,11
ch01,s264,114,1,11
ch01,s265,115,1,11
ch01,s266,116,1,11
ch01,s267,117,1,11
ch01,s268,118,1,11
ch01,s269,118,2,11
ch01,s270,118,3,11
ch01,s271,119,1,11
ch01,s272,120,1,11
ch01,s273,120,2,11
ch01,s274,120,3,11
ch02,s001,1,1,1
ch02,s002,1,2,1
ch02,s003,1,3,1
ch02,s004,1,4,1
ch02,s005,1,5,1
ch02,s006,1,6,1
ch02,s007,2,1,1
ch02,s008,2,2,1
ch02,s009,2,3,1
ch02,s010,2,4,1
ch02,s011,3,1,1
ch02,s012,4,1,1
ch02,s013,5,1,1
ch02,s014,5,2,1
ch02,s015,6,1,1
ch02,s016,6,2,1
ch02,s017,7,1,1
ch02,s018,7,2,1
ch02,s019,7,3,1
ch02,s020,7,4,1
ch02,s021,7,5,1
ch02,s022,7,6,1
ch02,s023,7,7,1
ch02,s024,7,8,1
ch02,s025,7,9,1
ch02,s026,7,10,1
ch02,s027,7,11,1
ch02,s028,8,1,2
ch02,s029,8,2,2
ch02,s030,9,1,2
ch02,s031,10,1,2
ch02,s032,10,2,2
ch02,s033,10,3,2
ch02,s034,10,4,2
ch02,s035,10,5,2
ch02,s036,10,6,2
ch02,s037,10,7,2
ch02,s038,10,8,2
ch02,s039,10,9,2
ch02,s040,10,10,2
ch02,s041,10,11,2
ch02,s042,11,1,2
ch02,s043,11,2,2
ch02,s044,11,3,2
ch02,s045,11,4,2
ch02,s046,11,5,2
ch02,s047,11,6,2
ch02,s048,11,7,2
ch02,s049,11,8,2
ch02,s050,11,9,2
ch02,s051,11,10,2
ch02,s052,12,1,2
ch02,s053,13,1,3
ch02,s054,13,2,3
ch02,s055,13,3,3
ch02,s056,14,1,3
ch02,s057,14,2,3
ch02,s058,14,3,3
ch02,s059,14,4,3
ch02,s060,14,5,3
ch02,s061,15,1,3
ch02,s062,15,2,3
ch02,s063,15,3,3
ch02,s064,16,1,3
ch02,s065,17,1,3
ch02,s066,17,2,3
ch02,s067,17,3,3
ch02,s068,18,1,3
ch02,s069,18,2,3
ch02,s070,18,3,3
ch02,s071,18,4,3
ch02,s072,18,5,3
ch02,s073,18,6,3
ch02,s074,18,7,3
ch02,s075,18,8,3
ch02,s076,19,1,4
ch02,s077,19,2,4
ch02,s078,19,3,4
ch02,s079,20,1,4
ch02,s080,21,1,4
ch02,s081,22,1,4
ch02,s082,22,2,4
ch02,s083,22,3,4
ch02,s084,22,4,4
ch02,s085,22,5,4
ch02,s086,23,1,4
ch02,s087,24,1,4
ch02,s088,24,2,4
ch02,s089,24,3,4
ch02,s090,24,4,4
ch02,s091,24,5,4
ch02,s092,25,1,5
ch02,s093,26,1,5
ch02,s094,26,2,5
ch02,s095,26,3,5
ch02,s096,27,1,5
ch02,s097,28,1,5
ch02,s098,29,1,5
ch02,s099,30,1,5
ch02,s100,31,1,5
ch02,s101,32,1,5
ch02,s102,33,1,5
ch02,s103,34,1,5
ch02,s104,35,1,5
ch02,s105,36,1,5
ch02,s106,36,2,5
ch02,s107,36,3,5
ch02,s108,36,4,5
ch02,s109,36,5,5
ch02,s110,36,6,5
ch02,s111,37,1,6
ch02,s112,38,1,6
ch02,s113,38,2,6
ch02,s114,38,3,6
ch02,s115,38,4,6
ch02,s116,38,5,6
ch02,s117,39,1,6
ch02,s118,40,1,6
ch02,s119,40,2,6
ch02,s120,40,3,6
ch02,s121,40,4,6
ch02,s122,40,5,6
ch02,s123,40,6,6
ch02,s124,41,1,6
ch02,s125,42,1,6
ch02,s126,43,1,6
ch02,s127,44,1,6
ch02,s128,44,2,6
ch02,s129,45,1,6
ch02,s130,46,1,6
ch02,s131,46,2,6
ch02,s132,46,3,6
ch02,s133,46,4,6
ch02,s134,46,5,6
ch02,s135,46,6,6
ch02,s136,47,1,6
ch02,s137,48,1,6
ch02,s138,49,1,6
ch02,s139,50,1,6
ch02,s140,50,2,6
ch02,s141,51,1,7
ch02,s142,51,2,7
ch02,s143,51,3,7
ch02,s144,51,4,7
ch02,s145,51,5,7
ch02,s146,52,1,7
ch02,s147,52,2,7
ch02,s148,52,3,7
ch02,s149,52,4,7
ch02,s150,52,5,7
ch02,s151,53,1,7
ch02,s152,53,2,7
ch02,s153,53,3,7
ch02,s154,53,4,7
ch02,s155,54,1,7
ch02,s156,55,1,7
ch02,s157,55,2,7
ch02,s158,55,3,7
ch02,s159,55,4,7
ch02,s160,55,5,7
ch02,s161,55,6,7
ch02,s162,56,1,7
ch02,s163,57,1,7
ch02,s164,57,2,7
ch02,s165,57,3,7
ch02,s166,57,4,7
ch02,s167,57,5,7
ch02,s168,57,6,7
ch02,s169,57,7,7
ch02,s170,57,8,7
ch02,s171,57,9,7
ch02,s172,58,1,7
ch02,s173,59,1,7
ch02,s174,59,2,7
ch02,s175,60,1,7
ch02,s176,61,1,7
ch02,s177,62,1,7
ch02,s178,63,1,7
ch02,s179,64,1,7
ch02,s180,65,1,7
ch02,s181,65,2,7
ch02,s182,65,3,7
ch02,s183,65,4,7
ch02,s184,66,1,8
ch02,s185,66,2,8
ch02,s186,66,3,8
ch02,s187,66,4,8
ch02,s188,66,5,8
ch02,s189,66,6,8
ch02,s190,66,7,8
ch02,s191,66,8,8
ch02,s192,66,9,8
ch02,s193,67,1,8
ch02,s194,68,1,8
ch02,s195,69,1,8
ch02,s196,69,2,8
ch02,s197,70,1,8
ch02,s198,70,2,8
ch02,s199,70,3,8
ch02,s200,70,4,8
ch02,s201,71,1,8
ch02,s202,71,2,8
ch02,s203,72,1,8
ch02,s204,72,2,8
ch02,s205,72,3,8
ch02,s206,72,4,8
ch02,s207,73,1,8
ch02,s208,73,2,8
ch02,s209,73,3,8
ch02,s210,73,4,8
ch02,s211,73,5,8
ch02,s212,73,6,8
ch02,s213,73,7,8
ch02,s214,74,1,8
ch02,s215,74,2,8
ch02,s216,74,3,8
ch02,s217,74,4,8
ch02,s218,74,5,8
ch02,s219,74,6,8
ch02,s220,74,7,8
ch02,s221,74,8,8
ch02,s222,74,9,8
ch02,s223,75,1,9
ch02,s224,75,2,9
ch02,s225,75,3,9
ch02,s226,76,1,9
ch02,s227,77,1,9
ch02,s228,78,1,9
ch02,s229,79,1,9
ch02,s230,80,1,9
ch02,s231,81,1,9
ch02,s232,81,2,9
ch02,s233,81,3,9
ch02,s234,81,4,9
ch02,s235,82,1,9
ch02,s236,83,1,9
ch02,s237,83,2,9
ch02,s238,83,3,9
ch02,s239,84,1,9
ch02,s240,85,1,9
ch02,s241,85,2,9
ch02,s242,85,3,9
ch02,s243,85,4,9
ch02,s244,85,5,9
ch02,s245,85,6,9
ch02,s246,86,1,9
ch02,s247,87,1,9
ch02,s248,87,2,9
ch02,s249,87,3,9
ch02,s250,87,4,9
ch02,s251,87,5,9
ch02,s252,87,6,9
ch02,s253,87,7,9
ch02,s254,87,8,9
ch02,s255,87,9,9
ch02,s256,87,10,9
ch02,s257,87,11,9
ch02,s258,87,12,9
ch02,s259,87,13,9
ch02,s260,87,14,9
ch02,s261,87,15,9
ch02,s262,87,16,9
ch02,s263,88,1,10
ch02,s264,89,1,10
ch02,s265,89,2,10
ch02,s266,89,3,10
ch02,s267,89,4,10
ch02,s268,89,5,10
ch02,s269,90,1,10
ch02,s270,91,1,10
ch02,s271,91,2,10
ch02,s272,91,3,10
ch02,s273,91,4,10
ch02,s274,92,1,10
ch02,s275,92,2,10
ch02,s276,93,1,10
ch02,s277,94,1,10
ch02,s278,95,1,10
ch02,s279,95,2,10
ch03,s001,1,1,1
ch03,s002,2,1,1
ch03,s003,3,1,1
ch03,s004,4,1,1
ch03,s005,5,1,1
ch03,s006,6,1,1
ch03,s007,6,2,1
ch03,s008,7,1,1
ch03,s009,8,1,1
ch03,s010,9,1,1
ch03,s011,9,2,1
ch03,s012,10,1,1
ch03,s013,11,1,1
ch03,s014,11,2,1
ch03,s015,12,1,1
ch03,s016,13,1,1
ch03,s017,14,1,1
ch03,s018,15,1,1
ch03,s019,16,1,1
ch03,s020,17,1,1
ch03,s021,18,1,1
ch03,s022,18,2,1
ch03,s023,18,3,1
ch03,s024,19,1,1
ch03,s025,19,2,1
ch03,s026,19,3,1
ch03,s027,19,4,1
ch03,s028,19,5,1
ch03,s029,20,1,2
ch03,s030,20,2,2
ch03,s031,21,1,2
ch03,s032,22,1,2
ch03,s033,23,1,2
ch03,s034,23,2,2
ch03,s035,23,3,2
ch03,s036,24,1,2
ch03,s037,24,2,2
ch03,s038,24,3,2
ch03,s039,25,1,2
ch03,s040,26,1,2
ch03,s041,26,2,2
ch03,s042,27,1,2
ch03,s043,27,2,2
ch03,s044,27,3,2
ch03,s045,27,4,2
ch03,s046,27,5,2
ch03,s047,27,6,2
ch03,s048,27,7,2
ch03,s049,27,8,2
ch03,s050,28,1,3
ch03,s051,28,2,3
ch03,s052,29,1,3
ch03,s053,29,2,3
ch03,s054,29,3,3
ch03,s055,29,4,3
ch03,s056,29,5,3
ch03,s057,29,6,3
ch03,s058,29,7,3
ch03,s059,29,8,3
ch03,s060,29,9,3
ch03,s061,29,10,3
ch03,s062,29,11,3
ch03,s063,29,12,3
ch03,s064,29,13,3
ch03,s065,30,1,3
ch03,s066,30,2,3
ch03,s067,31,1,3
ch03,s068,31,2,3
ch03,s069,31,3,3
ch03,s070,31,4,3
ch03,s071,31,5,3
ch03,s072,31,6,3
ch03,s073,32,1,3
ch03,s074,33,1,3
ch03,s075,34,1,4
ch03,s076,34,2,4
ch03,s077,34,3,4
ch03,s078,34,4,4
ch03,s079,35,1,4
ch03,s080,35,2,4
ch03,s081,36,1,4
ch03,s082,36,2,4
ch03,s083,36,3,4
ch03,s084,37,1,4
ch03,s085,38,1,4
ch03,s086,38,2,4
ch03,s087,38,3,4
ch03,s088,39,1,4
ch03,s089,40,1,4
ch03,s090,41,1,4
ch03,s091,42,1,4
ch03,s092,43,1,4
ch03,s093,43,2,4
ch03,s094,44,1,4
ch03,s095,44,2,4
ch03,s096,44,3,4
ch03,s097,44,4,4
ch03,s098,45,1,4
ch03,s099,45,2,4
ch03,s100,45,3,4
