"id","lexeme_id","english","target","article","hint"
"w0001","de.lex.erschrecken","to frighten / to be startled","erschrecken","","Hook: shriek. Schreck and shriek share sound and mood: fright and scream belong together."
"w0002","de.lex.schrecken","fright / terror","Schrecken","der","Hook: shriek. Same hook: terror comes with a shriek."
"w0003","de.lex.spazieren","to stroll","spazieren","","Hook: space / pace. From Latin spatium (space): walking through space. Pace helps by sound."
"w0004","de.lex.wasser","water","Wasser","das","Hook: water. Sound shift: t→ss."
"w0005","de.lex.essen.eat","to eat","essen","","Hook: eat. Sound shift: t→ss."
"w0006","de.lex.besser","better","besser","","Hook: better. Sound shift: t→ss."
"w0007","de.lex.strasse.street","street","Straße","die","Hook: street. Sound shift: t→ß."
"w0008","de.lex.fuss","foot","Fuß","der","Hook: foot. Sound shift: t→ß."
"w0009","de.lex.gross","big / great","groß","","Hook: great. Sound shift: t→ß."
"w0010","de.lex.weiss","white","weiß","","Hook: white. Sound shift: t→ß."
"w0011","de.lex.heiss","hot","heiß","","Hook: hot. Sound shift: t→ß."
"w0012","de.lex.was.what","what","was","","Hook: what. Sound shift: t→s."
"w0013","de.lex.das","that","das","","Hook: that. th→d and t→s: that → das."
"w0014","de.lex.es","it","es","","Hook: it. Sound shift: t→s."
"w0015","de.lex.aus.from","out / from","aus","","Hook: out. Sound shift: t→s."
"w0016","de.lex.lassen","to let","lassen","","Hook: let. Sound shift: t→ss."
"w0017","de.lex.vergessen","to forget","vergessen","","Hook: forget. Sound shift: t→ss."
"w0018","de.lex.muessen","must","müssen","","Hook: must. Sound shift: t→ss."
"w0019","de.lex.nuss","nut","Nuss","die","Hook: nut. Sound shift: t→ss."
"w0020","de.lex.zehn","ten","zehn","","Hook: ten. Sound shift: t→z."
"w0021","de.lex.zwei","two","zwei","","Hook: two. Sound shift: t→z."
"w0022","de.lex.zunge","tongue","Zunge","die","Hook: tongue. Sound shift: t→z."
"w0023","de.lex.zahn","tooth","Zahn","der","Hook: tooth. Sound shift: t→z."
"w0024","de.lex.zu.too","to","zu","","Hook: to. Sound shift: t→z."
"w0025","de.lex.zeit","time","Zeit","die","Hook: tide. English tide once meant time: Yuletide."
"w0026","de.lex.herz","heart","Herz","das","Hook: heart. t→z at word end: heart → Herz."
"w0027","de.lex.salz","salt","Salz","das","Hook: salt. Sound shift: t→z."
"w0028","de.lex.sitzen","to sit","sitzen","","Hook: sit. Sound shift: t→tz."
"w0029","de.lex.setzen","to set / to place","setzen","","Hook: set. Sound shift: t→tz."
"w0030","de.lex.netz","net","Netz","das","Hook: net. Sound shift: t→tz."
"w0031","de.lex.katze","cat","Katze","die","Hook: cat. Sound shift: t→tz."
"w0032","de.lex.witz","joke","Witz","der","Hook: wit. English wit = cleverness."
"w0033","de.lex.hitze","heat","Hitze","die","Hook: heat. Sound shift: t→tz."
"w0034","de.lex.schwitzen","to sweat","schwitzen","","Hook: sweat. Sound shift: t→tz."
"w0035","de.lex.zehe","toe","Zehe","die","Hook: toe. Sound shift: t→z."
"w0036","de.lex.zimmer","room","Zimmer","das","Hook: timber. Sound shift: t→z."
"w0037","de.lex.apfel","apple","Apfel","der","Hook: apple. Sound shift: p→pf."
"w0038","de.lex.pfeffer","pepper","Pfeffer","der","Hook: pepper. Sound shift: p→pf."
"w0039","de.lex.pfanne","pan","Pfanne","die","Hook: pan. Sound shift: p→pf."
"w0040","de.lex.pflanze","plant","Pflanze","die","Hook: plant. Sound shift: p→pf."
"w0041","de.lex.pfad","path","Pfad","der","Hook: path. Sound shift: p→pf."
"w0042","de.lex.pfund","pound","Pfund","das","Hook: pound. Sound shift: p→pf."
"w0043","de.lex.helfen","to help","helfen","","Hook: help. Sound shift: p→f."
"w0044","de.lex.schiff","ship","Schiff","das","Hook: ship. Sound shift: p→ff."
"w0045","de.lex.schlaf","sleep (noun)","Schlaf","der","Hook: sleep. Sound shift: p→f."
"w0046","de.lex.schlafen","to sleep","schlafen","","Hook: sleep. Sound shift: p→f."
"w0047","de.lex.tief","deep","tief","","Hook: deep. Sound shift: p→f."
"w0048","de.lex.offen","open","offen","","Hook: open. Sound shift: p→ff."
"w0049","de.lex.oeffnen","to open","öffnen","","Hook: open. Sound shift: p→ff."
"w0050","de.lex.hoffen","to hope","hoffen","","Hook: hope. Sound shift: p→ff."
"w0051","de.lex.hoffnung","hope (noun)","Hoffnung","die","Hook: hope. Derived from hoffen."
"w0052","de.lex.waffe","weapon","Waffe","die","Hook: weapon. Sound shift: p→ff."
"w0053","de.lex.reif.ripe","ripe","reif","","Hook: ripe. Sound shift: p→f."
"w0054","de.lex.seife","soap","Seife","die","Hook: soap. Sound shift: p→f."
"w0055","de.lex.laufen.run","to run","laufen","","Hook: leap. Sound shift: p→f."
"w0056","de.lex.kaufen","to buy","kaufen","","Hook: cheap. English cheap comes from Old English ceap (trade): Cheapside was London's."
"w0057","de.lex.machen","to make / to do","machen","","Hook: make. Sound shift: k→ch."
"w0058","de.lex.brechen","to break","brechen","","Hook: break. Sound shift: k→ch."
"w0059","de.lex.buch","book","Buch","das","Hook: book. Sound shift: k→ch."
"w0060","de.lex.kuchen","cake","Kuchen","der","Hook: cake. Sound shift: k→ch."
"w0061","de.lex.suchen","to search / to seek","suchen","","Hook: seek. Sound shift: k→ch."
"w0062","de.lex.woche","week","Woche","die","Hook: week. Sound shift: k→ch."
"w0063","de.lex.milch","milk","Milch","die","Hook: milk. Sound shift: k→ch."
"w0064","de.lex.sprache","language / speech","Sprache","die","Hook: speech. Sound shift: k→ch."
"w0065","de.lex.sprechen","to speak","sprechen","","Hook: speak. Sound shift: k→ch."
"w0066","de.lex.kueche","kitchen","Küche","die","Hook: kitchen. Sound shift: k→ch."
"w0067","de.lex.kochen.cook","to cook","kochen","","Hook: cook. Sound shift: k→ch."
"w0068","de.lex.wachen","to be awake / to keep watch","wachen","","Hook: wake. Sound shift: k→ch."
"w0069","de.lex.wecken","to wake (someone)","wecken","","Hook: wake. wake: shared Germanic root."
"w0070","de.lex.nacht","night","Nacht","die","Hook: night. The silent English gh preserves the German ch: night → Nacht."
"w0071","de.lex.acht","eight","acht","","Hook: eight. eight: the gh–ch pair again."
"w0072","de.lex.licht","light","Licht","das","Sounds like ""light""."
"w0073","de.lex.recht.fairly","right / correct","recht","","Sounds like ""right""."
"w0074","de.lex.recht.correct","law / right","Recht","das","Hook: right. English right also means a legal right."
"w0075","de.lex.tochter","daughter","Tochter","die","Sounds like ""daughter""."
"w0076","de.lex.lachen","to laugh","lachen","","Hook: laugh. laugh: gh was once a spoken ch."
"w0077","de.lex.laecheln","to smile","lächeln","","Hook: laugh. Diminutive of lachen: a smile is a little laugh."
"w0078","de.lex.tag","day","Tag","der","Hook: day. Sound shift: d→t."
"w0079","de.lex.trinken","to drink","trinken","","Hook: drink. Sound shift: d→t."
"w0080","de.lex.tuer","door","Tür","die","Hook: door. Sound shift: d→t."
"w0081","de.lex.tun","to do","tun","","Hook: do. Sound shift: d→t."
"w0082","de.lex.bett","bed","Bett","das","Hook: bed. Sound shift: d→tt."
"w0083","de.lex.gott","god","Gott","der","Hook: god. Sound shift: d→tt."
"w0084","de.lex.gut","good","gut","","Hook: good. Sound shift: d→t."
"w0085","de.lex.rot","red","rot","","Hook: red. Sound shift: d→t."
"w0086","de.lex.wort","word","Wort","das","Hook: word. Sound shift: d→t."
"w0087","de.lex.kalt","cold","kalt","","Hook: cold. Sound shift: d→t."
"w0088","de.lex.alt","old","alt","","Hook: old. Sound shift: d→t."
"w0089","de.lex.halten","to hold","halten","","Hook: hold. Sound shift: d→t."
"w0090","de.lex.brot","bread","Brot","das","Hook: bread. Sound shift: d→t."
"w0091","de.lex.blut","blood","Blut","das","Hook: blood. Sound shift: d→t."
"w0092","de.lex.laut","loud","laut","","Hook: loud. Sound shift: d→t."
"w0093","de.lex.seite.side","side / page","Seite","die","Hook: side. Sound shift: d→t."
"w0094","de.lex.reiten","to ride (a horse)","reiten","","Hook: ride. Sound shift: d→t."
"w0095","de.lex.gleiten","to glide","gleiten","","Hook: glide. Sound shift: d→t."
"w0096","de.lex.breit","wide / broad","breit","","Hook: broad. Sound shift: d→t."
"w0097","de.lex.braut","bride","Braut","die","Hook: bride. Sound shift: d→t."
"w0098","de.lex.tragen","to carry / to wear","tragen","","Hook: drag. Sound shift: d→t."
"w0099","de.lex.tot","dead","tot","","Hook: dead. Sound shift: d→t."
"w0100","de.lex.tod","death","Tod","der","Sounds like ""death""."
"w0101","de.lex.tau","dew","Tau","der","Hook: dew. Sound shift: d→t."
"w0102","de.lex.bruder","brother","Bruder","der","Hook: brother. English th ↔ German d: brother → Bruder."
"w0103","de.lex.bad","bath","Bad","das","Hook: bath. th→d: bath → Bad."
"w0104","de.lex.ding","thing","Ding","das","Hook: thing. th→d: thing → Ding."
"w0105","de.lex.denken","to think","denken","","Hook: think. th→d: think → denken."
"w0106","de.lex.danken","to thank","danken","","Hook: thank. th→d: thank → danken."
"w0107","de.lex.durst","thirst","Durst","der","Hook: thirst. th→d: thirst → Durst."
"w0108","de.lex.durstig","thirsty","durstig","","Sounds like ""thirsty""."
"w0109","de.lex.dick","thick / fat","dick","","Hook: thick. th→d: thick → dick."
"w0110","de.lex.duenn","thin","dünn","","Hook: thin. th→d: thin → dünn."
"w0111","de.lex.drei","three","drei","","Hook: three. th→d: three → drei."
"w0112","de.lex.dorn","thorn","Dorn","der","Hook: thorn. th→d: thorn → Dorn."
"w0113","de.lex.erde","earth","Erde","die","Hook: earth. th→d: earth → Erde."
"w0114","de.lex.norden","north","Norden","der","Hook: north. th→d: north → Norden."
"w0115","de.lex.sueden","south","Süden","der","Hook: south. th→d: south → Süden."
"w0116","de.lex.feder","feather / pen","Feder","die","Hook: feather. th→d: feather → Feder."
"w0117","de.lex.wetter","weather","Wetter","das","Hook: weather. th→tt: weather → Wetter."
"w0118","de.lex.leder","leather","Leder","das","Hook: leather. th→d: leather → Leder."
"w0119","de.lex.mund","mouth","Mund","der","Hook: mouth. th→d: mouth → Mund."
"w0120","de.lex.vater","father","Vater","der","Hook: father. th→t: father → Vater."
"w0121","de.lex.mutter","mother","Mutter","die","Hook: mother. th→tt: mother → Mutter."
"w0122","de.lex.haus","house","Haus","das","Sounds like ""house""."
"w0123","de.lex.maus","mouse","Maus","die","Sounds like ""mouse""."
"w0124","de.lex.hand","hand","Hand","die","Near-identical to English ""hand""."
"w0125","de.lex.arm.arm","arm","Arm","der","Sounds like ""arm""."
"w0126","de.lex.finger","finger","Finger","der","Near-identical to English ""finger""."
"w0127","de.lex.haar","hair","Haar","das","Sounds like ""hair""."
"w0128","de.lex.nase","nose","Nase","die","Sounds like ""nose""."
"w0129","de.lex.ohr","ear","Ohr","das","Sounds like ""ear""."
"w0130","de.lex.auge","eye","Auge","das","Hook: eye. Old English eage was even closer to Auge."
"w0131","de.lex.knie","knee","Knie","das","Hook: knee. knee: German actually pronounces the K."
"w0132","de.lex.schulter","shoulder","Schulter","die","Sounds like ""shoulder""."
"w0133","de.lex.ellbogen","elbow","Ellbogen","der","Sounds like ""elbow""."
"w0134","de.lex.lippe","lip","Lippe","die","Sounds like ""lip""."
"w0135","de.lex.kinn","chin","Kinn","das","Sounds like ""chin""."
"w0136","de.lex.hals","neck","Hals","der","Hook: halter. English halter (a rope for the neck) keeps the root."
"w0137","de.lex.ruecken","back (body)","Rücken","der","Hook: ridge. English ridge = a mountain's back."
"w0138","de.lex.bein","leg","Bein","das","Hook: bone. English bone: in German the leg bone became the leg."
"w0139","de.lex.knochen","bone","Knochen","der","Hook: knuckle. The kn- of knuckle helps."
"w0140","de.lex.nagel","nail (finger and metal)","Nagel","der","Hook: nail. nail: both meanings match."
"w0141","de.lex.kopf","head","Kopf","der","Hook: cup. From Latin cuppa: the head as a cup or noggin."
"w0142","de.lex.haupt","head (figurative) / main","Haupt","das","Hook: head. head: Hauptbahnhof = main station."
"w0143","de.lex.gesicht","face","Gesicht","das","Hook: sight. Ge-SICHT: what you see. From sehen."
"w0144","de.lex.stirn","forehead","Stirn","die","Hook: stern. A stern look sits on the forehead."
"w0145","de.lex.bauch.belly","belly","Bauch","der","Hook: bulge. Bulge matches both sound and shape."
"w0146","de.lex.atem","breath","Atem","der","Hook: atmosphere. Not related, but atmosphere = air sticks well."
"w0147","de.lex.atmen","to breathe","atmen","","Hook: atmosphere. Same hook."
"w0148","de.lex.name","name","Name","der","Near-identical to English ""name""."
"w0149","de.lex.sohn","son","Sohn","der","Sounds like ""son""."
"w0150","de.lex.schwester","sister","Schwester","die","Sounds like ""sister""."
"w0151","de.lex.onkel","uncle","Onkel","der","Hook: uncle. uncle: both from French oncle."
"w0152","de.lex.freund","friend","Freund","der","Sounds like ""friend""."
"w0153","de.lex.feind","enemy","Feind","der","Hook: fiend. English fiend = demon. Friend–fiend and Freund: one letter apart in both."
"w0154","de.lex.mann","man","Mann","der","Sounds like ""man""."
"w0155","de.lex.kind","child","Kind","das","Hook: kindergarten. English borrowed kindergarten (child-garden). Kin shares the root."
"w0156","de.lex.leute","people","Leute","die","Hook: people. No good English cognate: link Leute to people by meaning."
"w0157","de.lex.volk","people / folk","Volk","das","Hook: folk. folk: folk music."
"w0158","de.lex.koenig","king","König","der","Sounds like ""king""."
"w0159","de.lex.koenigin","queen","Königin","die","Hook: king + -in. King + feminine suffix -in (like Freundin)."
"w0160","de.lex.held","hero","Held","der","Hook: Held the line. The hero who Held the line."
"w0161","de.lex.sommer","summer","Sommer","der","Sounds like ""summer""."
"w0162","de.lex.winter","winter","Winter","der","Near-identical to English ""winter""."
"w0163","de.lex.herbst","autumn","Herbst","der","Hook: harvest. Autumn is harvest time: shared root."
"w0164","de.lex.sonne","sun","Sonne","die","Sounds like ""sun""."
"w0165","de.lex.mond","moon","Mond","der","Sounds like ""moon""."
"w0166","de.lex.stern","star","Stern","der","Sounds like ""star""."
"w0167","de.lex.wind","wind","Wind","der","Near-identical to English ""wind""."
"w0168","de.lex.regen","rain","Regen","der","Sounds like ""rain""."
"w0169","de.lex.schnee","snow","Schnee","der","Sounds like ""snow""."
"w0170","de.lex.eis.ice","ice","Eis","das","Sounds like ""ice""."
"w0171","de.lex.feuer","fire","Feuer","das","Sounds like ""fire""."
"w0172","de.lex.feld","field","Feld","das","Sounds like ""field""."
"w0173","de.lex.gras","grass","Gras","das","Sounds like ""grass""."
"w0174","de.lex.baum","tree","Baum","der","Hook: beam. English beam once meant tree: hornbeam."
"w0175","de.lex.wald","forest","Wald","der","Hook: Cotswolds. English wold is an old word for upland: the Cotswolds."
"w0176","de.lex.berg","mountain","Berg","der","Hook: iceberg. Iceberg = ice mountain: Berg lives inside English."
"w0177","de.lex.tal","valley","Tal","das","Hook: dale. English dale = valley. Neandertal = Neander valley!."
"w0178","de.lex.see.lake","lake","See","der","Hook: sea. sea Der See = lake, die See = sea."
"w0179","de.lex.see.poetic","sea / lake (die See = sea)","See","die","Hook: sea. sea Der See = lake, die See = sea."
"w0180","de.lex.meer","sea / ocean","Meer","das","Hook: mere. English mere = small lake: Windermere."
"w0181","de.lex.fisch","fish","Fisch","der","Sounds like ""fish""."
"w0182","de.lex.vogel","bird","Vogel","der","Hook: fowl. English fowl = bird, poultry."
"w0183","de.lex.hund","dog","Hund","der","Hook: hound. English hound = hunting dog."
"w0184","de.lex.wolf","wolf","Wolf","der","Near-identical to English ""wolf""."
"w0185","de.lex.baer","bear","Bär","der","Sounds like ""bear""."
"w0186","de.lex.schwein","pig","Schwein","das","Hook: swine. English swine = pig (literary)."
"w0187","de.lex.kuh","cow","Kuh","die","Sounds like ""cow""."
"w0188","de.lex.schaf","sheep","Schaf","das","Sounds like ""sheep""."
"w0189","de.lex.lamm","lamb","Lamm","das","Sounds like ""lamb""."
"w0190","de.lex.gans","goose","Gans","die","Sounds like ""goose""."
"w0191","de.lex.biene","bee","Biene","die","Sounds like ""bee""."
"w0192","de.lex.horn","horn","Horn","das","Near-identical to English ""horn""."
"w0193","de.lex.haut","skin","Haut","die","Hook: hide. English hide = animal skin. d→t."
"w0194","de.lex.ei","egg","Ei","das","Hook: egg. Not cognates (egg is Norse), but Ei–egg link easily by sound."
"w0195","de.lex.butter","butter","Butter","die","Near-identical to English ""butter""."
"w0196","de.lex.kaese","cheese","Käse","der","Hook: cheese. Both from Latin caseus."
"w0197","de.lex.wein","wine","Wein","der","Hook: wine. wine: Latin vinum behind both."
"w0198","de.lex.bier","beer","Bier","das","Sounds like ""beer""."
"w0199","de.lex.mehl","flour","Mehl","das","Hook: meal. English meal = ground grain: oatmeal."
"w0200","de.lex.korn","grain","Korn","das","Sounds like ""corn""."
"w0201","de.lex.hunger","hunger","Hunger","der","Near-identical to English ""hunger""."
"w0202","de.lex.hungrig","hungry","hungrig","","Sounds like ""hungry""."
"w0203","de.lex.zucker","sugar","Zucker","der","Hook: sugar. sugar: same distant origin."
"w0204","de.lex.honig","honey","Honig","der","Sounds like ""honey""."
"w0205","de.lex.oel","oil","Öl","das","Hook: oil. oil: Latin oleum."
"w0206","de.lex.suppe","soup","Suppe","die","Sounds like ""soup""."
"w0207","de.lex.fleisch","meat","Fleisch","das","Hook: flesh. English flesh."
"w0208","de.lex.huhn","chicken / hen","Huhn","das","Sounds like ""hen""."
"w0209","de.lex.glas","glass","Glas","das","Sounds like ""glass""."
"w0210","de.lex.flasche","bottle","Flasche","die","Hook: flask. English flask."
"w0211","de.lex.loeffel","spoon","Löffel","der","Hook: ladle. English ladle: the l-skeleton helps."
"w0212","de.lex.gemuese","vegetables","Gemüse","das","Hook: mousse. Contains Mus (purée): what can be cooked to a mousse."
"w0213","de.lex.kommen","to come","kommen","","Sounds like ""come""."
"w0214","de.lex.gehen.go","to go","gehen","","Sounds like ""go""."
"w0215","de.lex.sehen","to see","sehen","","Sounds like ""see""."
"w0216","de.lex.hoeren","to hear","hören","","Sounds like ""hear""."
"w0217","de.lex.finden","to find","finden","","Sounds like ""find""."
"w0218","de.lex.fallen","to fall","fallen","","Sounds like ""fall""."
"w0219","de.lex.singen.sing","to sing","singen","","Sounds like ""sing""."
"w0220","de.lex.springen","to jump","springen","","Hook: spring. English spring = to leap (and the season, and a coil)."
"w0221","de.lex.schwimmen.swim","to swim","schwimmen","","Sounds like ""swim""."
"w0222","de.lex.bringen","to bring","bringen","","Sounds like ""bring""."
"w0223","de.lex.senden","to send","senden","","Sounds like ""send""."
"w0224","de.lex.waschen","to wash","waschen","","Sounds like ""wash""."
"w0225","de.lex.backen.bake","to bake","backen","","Sounds like ""bake""."
"w0226","de.lex.beginnen","to begin","beginnen","","Sounds like ""begin""."
"w0227","de.lex.bleiben","to stay","bleiben","","Hook: leave. Shared root meaning to stick: what sticks (is left) stays."
"w0228","de.lex.sterben","to die","sterben","","Hook: starve. English starve originally meant to die, now to die of hunger."
"w0229","de.lex.werfen","to throw","werfen","","Hook: warp. Old English weorpan = to throw. Warp grew out of it."
"w0230","de.lex.geben","to give","geben","","Sounds like ""give""."
"w0231","de.lex.nehmen","to take","nehmen","","Hook: numb. Old English niman = to take: numb = taken away sensation."
"w0232","de.lex.sagen","to say","sagen","","Sounds like ""say""."
"w0233","de.lex.fragen","to ask","fragen","","Hook: FAQ. fragen = to ask: think FAQ (frequently asked questions)."
"w0234","de.lex.antworten","to answer","antworten","","Hook: answer. ANt-WORTen and AN-SWer: both mean counter-word."
"w0235","de.lex.brennen","to burn","brennen","","Sounds like ""burn""."
"w0236","de.lex.schneiden","to cut","schneiden","","Hook: snide. A snide remark = a cutting remark. Close in sound too."
"w0237","de.lex.schlagen","to hit","schlagen","","Hook: slay. English slay = to strike down."
"w0238","de.lex.ziehen","to pull","ziehen","","Hook: tow. English tow = to pull. t→z."
"w0239","de.lex.fliegen","to fly","fliegen","","Sounds like ""fly""."
"w0240","de.lex.fliessen","to flow","fließen","","Sounds like ""flow""."
"w0241","de.lex.frieren","to freeze / to be cold","frieren","","Sounds like ""freeze""."
"w0242","de.lex.frost","frost","Frost","der","Near-identical to English ""frost""."
"w0243","de.lex.wachsen","to grow","wachsen","","Hook: wax. English wax = to grow: waxing moon."
"w0244","de.lex.wissen.know-a-fact","to know (facts)","wissen","","Hook: wise. Wise is the one who knows. Wit is related too."
"w0245","de.lex.kennen.know-a-person","to know (be familiar)","kennen","","Hook: ken. Scottish ken = to know: beyond my ken."
"w0246","de.lex.lernen","to learn","lernen","","Sounds like ""learn""."
"w0247","de.lex.lehren","to teach","lehren","","Hook: lore. English lore = body of knowledge."
"w0248","de.lex.lehrer","teacher","Lehrer","der","Hook: lore. Derived from lehren."
"w0249","de.lex.lesen.read","to read","lesen","","Hook: lesson. Not related, but lesson/lecture stick well by sound."
"w0250","de.lex.schreiben","to write","schreiben","","Hook: scribe. Latin scribere behind both: scribe = a writer."
"w0251","de.lex.zaehlen","to count","zählen","","Hook: tally. English tally = a count. A bank teller counts money."
"w0252","de.lex.bezahlen","to pay","bezahlen","","Hook: tally. Same root: paying is counting out."
"w0253","de.lex.zahl","number (numeral / figure)","Zahl","die","Hook: tale. Old English talu = a count, an account."
"w0254","de.lex.zeigen","to show","zeigen","","Hook: teach. English teach originally meant to show. Token is related."
"w0255","de.lex.fuehlen","to feel","fühlen","","Sounds like ""feel""."
"w0256","de.lex.lieben","to love","lieben","","Sounds like ""love""."
"w0257","de.lex.liebe","love","Liebe","die","Sounds like ""love""."
"w0258","de.lex.hassen","to hate","hassen","","Sounds like ""hate""."
"w0259","de.lex.hass.hatred","hatred","Hass","der","Sounds like ""hate""."
"w0260","de.lex.haesslich","ugly","hässlich","","Hook: hate. Literally hateable (hassen + -lich)."
"w0261","de.lex.weinen","to cry","weinen","","Hook: whine. English whine = to whimper."
"w0262","de.lex.traeumen","to dream","träumen","","Sounds like ""dream""."
"w0263","de.lex.traum","dream","Traum","der","Sounds like ""dream""."
"w0264","de.lex.stehen","to stand","stehen","","Sounds like ""stand""."
"w0265","de.lex.liegen","to lie (down)","liegen","","Sounds like ""lie""."
"w0266","de.lex.rennen.run-fast","to run fast","rennen","","Sounds like ""run""."
"w0267","de.lex.tanzen.dance","to dance","tanzen","","Hook: dance. dance: French loan in both."
"w0268","de.lex.kaempfen","to fight","kämpfen","","Hook: champion. Latin campus (battlefield) behind it: the champion of the field."
"w0269","de.lex.gewinnen","to win","gewinnen","","Sounds like ""win""."
"w0270","de.lex.verlieren","to lose","verlieren","","Hook: forlorn. Ver-lieren and for-lorn share the same structure."
"w0271","de.lex.holen","to fetch","holen","","Hook: haul. English haul = to drag, to carry."
"w0272","de.lex.schieben","to push","schieben","","Hook: shove. English shove."
"w0273","de.lex.heben","to lift","heben","","Hook: heave. English heave = to lift something heavy."
"w0274","de.lex.greifen","to grab","greifen","","Sounds like ""grip"" → greifen."
"w0275","de.lex.legen","to lay / to put","legen","","Sounds like ""lay""."
"w0276","de.lex.stellen","to place upright","stellen","","Hook: install. English stall/install from the same root."
"w0277","de.lex.haengen","to hang","hängen","","Sounds like ""hang""."
"w0278","de.lex.binden","to bind / to tie","binden","","Sounds like ""bind""."
"w0279","de.lex.band","ribbon / bond","Band","das","Hook: Band. English Band and bond are both related."
"w0280","de.lex.reissen","to tear","reißen","","Hook: write. Surprising but true: English write originally meant to scratch. Same root."
"w0281","de.lex.beissen","to bite","beißen","","Hook: bite. Sound shift: t→ß."
"w0282","de.lex.schiessen","to shoot","schießen","","Hook: shoot. Sound shift: t→ß."
"w0283","de.lex.schuss","shot","Schuss","der","Hook: shot. Sound shift: t→ss."
"w0284","de.lex.giessen","to pour","gießen","","Hook: gush. English gush = to pour out: close in sound and sense."
"w0285","de.lex.geniessen","to enjoy","genießen","","Hook: nice. Ge-NIESSEN: enjoying the nice things. Sound hook only."
"w0286","de.lex.schmecken","to taste (good)","schmecken","","Hook: smack. English smack one's lips."
"w0287","de.lex.riechen","to smell","riechen","","Hook: reek. English reek = to smell strongly."
"w0288","de.lex.stinken","to stink","stinken","","Sounds like ""stink""."
"w0289","de.lex.warten","to wait","warten","","Hook: warden. English ward/warden: waiting was originally guarding."
"w0290","de.lex.leben.life","life","Leben","das","Hook: life. live/life/Leben."
"w0291","de.lex.leben.live","to live","leben","","Sounds like ""live""."
"w0292","de.lex.seele","soul","Seele","die","Sounds like ""soul""."
"w0293","de.lex.geist","spirit / ghost","Geist","der","Hook: ghost. ghost: Zeitgeist and Poltergeist crossed into English."
"w0294","de.lex.himmel","sky / heaven","Himmel","der","Hook: Himalaya. Not related, but Himalaya as the sky-mountains sticks. H-start like heaven."
"w0295","de.lex.hoelle","hell","Hölle","die","Hook: hell. hell Beware: the adjective hell means bright in German!."
"w0296","de.lex.hell","bright","hell","","Hook: hell. Contrast hook: English hell is dark, German hell is bright."
"w0297","de.lex.dunkel","dark","dunkel","","Hook: dank. English dank = damp and dark. Dusk is close too."
"w0298","de.lex.teufel","devil","Teufel","der","Hook: devil. devil: Greek diabolos behind both."
"w0299","de.lex.engel","angel","Engel","der","Sounds like ""angel""."
"w0300","de.lex.kirche","church","Kirche","die","Hook: church. church: Greek kyriakon (the Lord's house)."
"w0301","de.lex.schule","school","Schule","die","Hook: school. school: Latin schola."
"w0302","de.lex.arzt","doctor","Arzt","der","Hook: arts. Not related: medicine as the healing arts."
"w0303","de.lex.krankenhaus","hospital","Krankenhaus","das","Hook: cranky + house. Krank (sick) + Haus: the cranky people's house."
"w0304","de.lex.krank","sick","krank","","Hook: cranky. Cranky = grumpy, like a sick person feels."
"w0305","de.lex.apotheke","pharmacy","Apotheke","die","Hook: apothecary. English apothecary = old word for pharmacist."
"w0306","de.lex.gesund","healthy","gesund","","Hook: sound. English safe and sound: sound = healthy."
"w0307","de.lex.muede","tired","müde","","Hook: moody. Not related, but a tired person is moody. Close in sound."
"w0308","de.lex.satt","full (after eating)","satt","","Hook: sated. English sated."
"w0309","de.lex.geld","money","Geld","das","Hook: yield. English yield (return) is related: money that yields. Gold helps by sound."
"w0310","de.lex.schuld","debt / guilt","Schuld","die","Hook: should. Should originally meant to owe: sollen–shall."
"w0311","de.lex.sollen.be-supposed-to","shall / to be supposed to","sollen","","Sounds like ""shall""."
"w0312","de.lex.wollen","to want","wollen","","Sounds like ""will""."
"w0313","de.lex.koennen","can / to be able","können","","Sounds like ""can""."
"w0314","de.lex.duerfen","may / to be allowed","dürfen","","Hook: dare. Old English durran = to dare. Related root."
"w0315","de.lex.moegen","to like","mögen","","Hook: may. may/might from the same root."
"w0316","de.lex.ziel","goal / target","Ziel","das","Hook: zeal. Not related: the zeal you pursue your goal with. Same opening sound."
"w0317","de.lex.platz","square / place","Platz","der","Hook: place. place: Latin platea."
"w0318","de.lex.markt","market","Markt","der","Sounds like ""market""."
"w0319","de.lex.preis","price","Preis","der","Sounds like ""price""."
"w0320","de.lex.wert","value / worth","Wert","der","Sounds like ""worth""."
"w0321","de.lex.ware","goods","Ware","die","Hook: Ware. English hardware, warehouse: Ware = goods."
"w0322","de.lex.laden","shop","Laden","der","Hook: loaded. Related to Laden (to load): a shop has loaded shelves."
"w0323","de.lex.rechnung.invoice","bill / invoice","Rechnung","die","Hook: reckoning. English reckon = to count: day of reckoning."
"w0324","de.lex.arbeit","work","Arbeit","die","Hook: robot. Slavic robota (robot!) is similar in sound and meaning. Not related, but."
"w0325","de.lex.werk","work / plant","Werk","das","Hook: work. work: Kraftwerk = power plant."
"w0326","de.lex.kraft","strength / power","Kraft","die","Hook: craft. English craft originally meant strength: Kraftwerk."
"w0327","de.lex.macht","power","Macht","die","Sounds like ""might""."
"w0328","de.lex.krieg","war","Krieg","der","Hook: Blitzkrieg. English borrowed Blitzkrieg: anchor Krieg from there."
"w0329","de.lex.frieden","peace","Frieden","der","Hook: free. Related to frei: peace as the state of freedom."
"w0330","de.lex.frei","free","frei","","Sounds like ""free""."
"w0331","de.lex.reich.empire","empire / realm","Reich","das","Hook: bishopric. The English -ric ending (bishopric) is the same word. Rich is related too."
"w0332","de.lex.reich.rich","rich","reich","","Sounds like ""rich""."
"w0333","de.lex.angst","fear / anxiety","Angst","die","Hook: Angst. English borrowed Angst. Anxious and anger share the tight root."
"w0334","de.lex.eng","narrow / tight","eng","","Hook: anxious. Same tight root as Angst and anger."
"w0335","de.lex.furcht","fear","Furcht","die","Sounds like ""fright""."
"w0336","de.lex.gefahr","danger","Gefahr","die","Hook: fear. Fear hides inside: ge-FAHR. Its true cognate is fare (travel was danger)."
"w0337","de.lex.reise","journey","Reise","die","Hook: rise. Setting out = rising up: Old English risan, same root."
"w0338","de.lex.fahren","to drive / to travel","fahren","","Hook: fare. English fare: farewell = travel well."
"w0339","de.lex.fahrt","trip / ride","Fahrt","die","Hook: fare. Same root."
"w0340","de.lex.weg.way","way / path","Weg","der","Sounds like ""way""."
"w0341","de.lex.bruecke","bridge","Brücke","die","Sounds like ""bridge""."
"w0342","de.lex.stadt","city / town","Stadt","die","Hook: homestead. English -stead (homestead, instead) = place: Hampstead."
"w0343","de.lex.dorf","village","Dorf","das","Hook: thorpe. English village names keep it: Scunthorpe, Cleethorpes."
"w0344","de.lex.garten","garden","Garten","der","Hook: garden. garden: yard is related too (g↔y)."
"w0345","de.lex.raum","room / space","Raum","der","Sounds like ""room""."
"w0346","de.lex.dach","roof","Dach","das","Hook: thatch. English thatch = straw roof."
"w0347","de.lex.wand","wall","Wand","die","Hook: wound (wind). From winden (to wind): walls were originally woven wattle."
"w0348","de.lex.boden.floor","floor / ground","Boden","der","Sounds like ""bottom""."
"w0349","de.lex.decke.blanket-covering","blanket","Decke","die","Hook: deck. A covering that keeps you warm."
"w0350","de.lex.fenster","window","Fenster","das","Hook: defenestration. Latin fenestra: defenestration = throwing out the window."
"w0351","de.lex.schluessel","key","Schlüssel","der","Hook: slot. From schließen (to lock): English slot (bolt) is in the family."
"w0352","de.lex.schliessen","to close / to lock","schließen","","Hook: slot. Same hook."
"w0353","de.lex.stuhl","chair","Stuhl","der","Hook: stool. English stool."
"w0354","de.lex.tisch","table","Tisch","der","Hook: dish. Both from Latin discus: the dish became the table."
"w0355","de.lex.schrank","wardrobe / cupboard","Schrank","der","Hook: shrink. You shrink your stuff into the cupboard. Playful hook."
"w0356","de.lex.spiegel","mirror","Spiegel","der","Hook: inspect. Latin speculum (looker): the spect- root of inspect, spectacle."
"w0357","de.lex.uhr.clock","clock / watch","Uhr","die","Hook: hour. Both from Latin hora."
"w0358","de.lex.stunde.hour","hour","Stunde","die","Hook: stand. Related to stehen: one standing's worth of time."
"w0359","de.lex.jahr","year","Jahr","das","Hook: year. year (j↔y)."
"w0360","de.lex.monat","month","Monat","der","Hook: month. month: related to Mond (moon)."
"w0361","de.lex.morgen.morning","morning","Morgen","der","Sounds like ""morning""."
"w0362","de.lex.morgen.tomorrow","tomorrow","morgen","","Hook: morrow. Tomorrow = to-morrow: the same word."
"w0363","de.lex.gestern","yesterday","gestern","","Hook: yesterday. Yester- is the same word (g↔y)."
"w0364","de.lex.heute","today","heute","","Hook: today. Built the same way: hiu tagu = on this day, like to-day."
"w0365","de.lex.abend","evening","Abend","der","Hook: eve. English eve/evening (Old English aefen) is related."
"w0366","de.lex.fruehstueck","breakfast","Frühstück","das","Hook: early piece. Früh (early) + Stück (piece): breakfast = the early bite."
"w0367","de.lex.immer","always","immer","","Hook: ever. Ever sounds out of it: i-MMER."
"w0368","de.lex.oft","often","oft","","Hook: often. often: English still has oft (oft-quoted)."
"w0369","de.lex.selten.rarely","rarely","selten","","Sounds like ""seldom""."
"w0370","de.lex.neu","new","neu","","Sounds like ""new""."
"w0371","de.lex.jung","young","jung","","Hook: young. young (j↔y)."
"w0372","de.lex.lang","long","lang","","Sounds like ""long""."
"w0373","de.lex.kurz","short","kurz","","Hook: curt. Latin curtus behind both: curt = brusquely short."
"w0374","de.lex.hoch","high / tall","hoch","","Sounds like ""high""."
"w0375","de.lex.niedrig","low","niedrig","","Hook: nether. English nether = lower: the Netherlands."
"w0376","de.lex.stark","strong","stark","","Hook: stark. English stark = powerful, harsh (stark contrast)."
"w0377","de.lex.weich","soft","weich","","Hook: weak. English weak is the cognate: soft = weak."
"w0378","de.lex.hart","hard","hart","","Sounds like ""hard""."
"w0379","de.lex.schoen","beautiful","schön","","Hook: sheen. English sheen = shine, lustre."
"w0380","de.lex.sauber","clean","sauber","","Hook: sober. Latin sobrius: sober = clear-headed, clean."
"w0381","de.lex.schmutzig","dirty","schmutzig","","Hook: smut. English smut = soot, filth."
"w0382","de.lex.schwer","heavy / difficult","schwer","","Hook: severe. Not related, but severe is close in sound and weight."
"w0383","de.lex.leicht","light / easy","leicht","","Hook: light. light: both meanings (weight and easy)."
"w0384","de.lex.voll","full","voll","","Sounds like ""full""."
"w0385","de.lex.leer","empty","leer","","Hook: Lear. King Lear ends with nothing: empty-handed. Playful hook."
"w0386","de.lex.teuer","expensive","teuer","","Hook: dear. English dear = expensive and beloved."
"w0387","de.lex.wahr","true","wahr","","Hook: very. Very comes from French vrai (true): very = truly."
"w0388","de.lex.falsch","false / wrong","falsch","","Hook: false. false: Latin falsus."
"w0389","de.lex.klug","clever","klug","","Hook: clever. Not related, but the k-l skeleton links them."
"w0390","de.lex.weise","wise","weise","","Sounds like ""wise""."
"w0391","de.lex.dumm","stupid","dumm","","Hook: dumb. English dumb = mute, then stupid."
"w0392","de.lex.leise","quiet","leise","","Hook: hush. The long soft s is the whisper itself: leise."
"w0393","de.lex.nah","near","nah","","Hook: nigh. English nigh = near (archaic): well-nigh."
"w0394","de.lex.fern","far","fern","","Sounds like ""far""."
"w0395","de.lex.schmal","narrow","schmal","","Hook: small. English small is the cognate: little, narrow."
"w0396","de.lex.glaube","faith / belief","Glaube","der","Hook: belief. be-LIEF and g-LAUBE: same root (to hold dear)."
"w0397","de.lex.glauben","to believe","glauben","","Sounds like ""believe""."
"w0398","de.lex.glueck.happiness-wellbeing","happiness","Glück","das","Hook: Glück is a state of happiness; related to English luck."
"w0399","de.lex.welt","world","Welt","die","Hook: world. Wer-alt = man-age: world is built exactly the same way."
"w0400","de.lex.donner","thunder","Donner","der","Hook: thunder. Donnerstag = Thursday = Thor's day!."
"w0401","de.lex.blitz","lightning","Blitz","der","Hook: Blitz. English borrowed it: Blitz chess."
"w0402","de.lex.sturm","storm","Sturm","der","Sounds like ""storm""."
"w0403","de.lex.hagel","hail","Hagel","der","Sounds like ""hail""."
"w0404","de.lex.nebel","fog","Nebel","der","Hook: nebula. Latin nebula (fog, cloud): shared Indo-European root."
"w0405","de.lex.wolke","cloud","Wolke","die","Hook: wool. A cloud like wool: close in sound too."
"w0406","de.lex.luft","air","Luft","die","Hook: lofty. English loft/lofty (up high): Lufthansa."
"w0407","de.lex.stein","stone","Stein","der","Hook: stone. stone: Einstein = one stone."
"w0408","de.lex.sand","sand","Sand","der","Near-identical to English ""sand""."
"w0409","de.lex.gold","gold","Gold","das","Near-identical to English ""gold""."
"w0410","de.lex.silber","silver","Silber","das","Sounds like ""silver""."
"w0411","de.lex.eisen","iron","Eisen","das","Hook: iron. Old English isern preserves it: iron → Eisen."
"w0412","de.lex.kupfer","copper","Kupfer","das","Hook: copper. copper: Latin cuprum (from Cyprus)."
"w0413","de.lex.blau","blue","blau","","Sounds like ""blue""."
"w0414","de.lex.gruen","green","grün","","Sounds like ""green""."
"w0415","de.lex.gelb","yellow","gelb","","Hook: yellow. g↔y swap: yellow (like Garten–yard)."
"w0416","de.lex.braun","brown","braun","","Sounds like ""brown""."
"w0417","de.lex.grau.gray","gray","grau","","Sounds like ""gray""."
"w0418","de.lex.schwarz","black","schwarz","","Hook: swarthy. English swarthy = dark-skinned."
"w0419","de.lex.eins","one","eins","","Hook: one. one: Old English an was even closer."
"w0420","de.lex.vier","four","vier","","Sounds like ""four""."
"w0421","de.lex.fuenf","five","fünf","","Sounds like ""five""."
"w0422","de.lex.sechs","six","sechs","","Sounds like ""six""."
"w0423","de.lex.sieben","seven","sieben","","Sounds like ""seven""."
"w0424","de.lex.neun","nine","neun","","Sounds like ""nine""."
"w0425","de.lex.hundert","hundred","hundert","","Sounds like ""hundred""."
"w0426","de.lex.tausend","thousand","tausend","","Sounds like ""thousand""."
"w0427","de.lex.wer.who","who","wer","","Hook: who. The w-question system: who → wer."
"w0428","de.lex.wo.where","where","wo","","Sounds like ""where""."
"w0429","de.lex.wann","when","wann","","Sounds like ""when""."
"w0430","de.lex.warum.why","why","warum","","Sounds like ""why""."
"w0431","de.lex.wie","how","wie","","Hook: how. Old English how also began with hw: h and w swapped places."
"w0432","de.lex.schuh","shoe","Schuh","der","Sounds like ""shoe""."
"w0433","de.lex.handschuh","glove","Handschuh","der","Hook: hand-shoe. Hand + Schuh = a shoe for the hand: funny and unforgettable."
"w0434","de.lex.hut","hat","Hut","der","Hook: hat. hat: hood is in the family."
"w0435","de.lex.hose.trousers","trousers","Hose","die","Hook: Hose. English Hose = stockings, tubing: once the trouser leg."
"w0436","de.lex.rock","skirt","Rock","der","Hook: frock. English frock (dress) sticks by sound."
"w0437","de.lex.mantel","coat","Mantel","der","Hook: mantle. English mantle = cloak."
"w0438","de.lex.kleid","dress","Kleid","das","Hook: clad. English clad = dressed: iron-clad."
"w0439","de.lex.knopf","button","Knopf","der","Hook: knob. English knob."
"w0440","de.lex.tasche.pocket","bag / pocket","Tasche","die","Hook: attaché. Think attaché case: a bag by sound association."
"w0441","de.lex.brille","glasses","Brille","die","Hook: brilliant. The first lenses were cut from beryl: brilliant!."
"w0442","de.lex.schirm","umbrella / shield","Schirm","der","Hook: screen. screen: what shields and covers."
"w0443","de.lex.regenschirm","umbrella","Regenschirm","der","Hook: rain screen. Regen (rain) + Schirm (screen): a rain shield."
"w0444","de.lex.zeitung","newspaper","Zeitung","die","Hook: tidings. English tidings (news) is the exact parallel: Zeit–tide."
"w0445","de.lex.schatz","treasure / darling","Schatz","der","Hook: stash. English stash = hidden hoard. Close in sound."
"w0446","de.lex.wortschatz","vocabulary","Wortschatz","der","Hook: word-treasure. Wort + Schatz = a treasure of words."
"w0447","de.lex.spiel","game","Spiel","das","Hook: Spiel. English borrowed it: sales Spiel."
"w0448","de.lex.spielen","to play","spielen","","Hook: spiel. Same hook."
"w0449","de.lex.anfang","beginning","Anfang","der","Hook: an + fangen. An + fangen (to catch): to get a grip on something = to begin."
"w0450","de.lex.ende","end","Ende","das","Sounds like ""end""."
"w0451","de.lex.aufgeben","to give up","aufgeben","","Hook: give up. Auf (up) + geben (give): an exact mirror of the English phrasal verb."
"w0452","de.lex.aufstehen.get-up","to get up / to stand up","aufstehen","","Hook: stand up. Auf (up) + stehen (stand): the same picture."
"w0453","de.lex.ausgehen","to go out","ausgehen","","Hook: go out. Aus (out) + gehen (go)."
"w0454","de.lex.ausgeben","to spend / to hand out","ausgeben","","Hook: give out. Aus (out) + geben (give): money is what you give out."
"w0455","de.lex.aussehen","to look / to appear","aussehen","","Hook: look. Aus (out) + sehen (see): how something looks from the outside. Du siehst gut."
"w0456","de.lex.mitkommen","to come along","mitkommen","","Hook: come with. Mit (with) + kommen (come). Kommst du mit? = are you coming along?"
"w0457","de.lex.mitbringen","to bring along","mitbringen","","Hook: bring with. Mit (with) + bringen (bring)."
"w0458","de.lex.zurueckkommen","to come back","zurückkommen","","Hook: come back. Zurück (back) + kommen (come)."
"w0459","de.lex.zurueckgeben","to give back / to return","zurückgeben","","Hook: give back. Zurück (back) + geben (give): exact mirror."
"w0460","de.lex.weggehen","to go away","weggehen","","Hook: go away. Weg (away) + gehen (go)."
"w0461","de.lex.wegwerfen","to throw away","wegwerfen","","Hook: throw away. Weg (away) + werfen (throw, cousin of warp)."
"w0462","de.lex.hereinkommen","to come in","hereinkommen","","Hook: come in. Herein (in here) + kommen. Herein! = come in!"
"w0463","de.lex.herauskommen","to come out","herauskommen","","Hook: come out. Heraus (out here) + kommen."
"w0464","de.lex.herausfinden","to find out","herausfinden","","Hook: find out. Heraus (out) + finden (find): a perfect mirror of the English phrasal verb."
"w0465","de.lex.aufwachen","to wake up","aufwachen","","Hook: wake up. Auf (up) + wachen (wake): exact mirror."
"w0466","de.lex.anrufen","to call / to phone","anrufen","","Hook: call up. An + rufen (to call): English call up is the same picture."
"w0467","de.lex.aufschreiben","to write down","aufschreiben","","Hook: write down. Contrast hook: German writes UP (auf), English writes DOWN. The clash."
"w0468","de.lex.einladen","to invite","einladen","","Hook: load in. Ein (in) + laden (load): you load guests into your home. English laden =."
"w0469","de.lex.einschalten","to switch on","einschalten","","Hook: switch in. Ein (in) + schalten (switch): switching the current in."
"w0470","de.lex.ausschalten","to switch off","ausschalten","","Hook: lights out. Aus (out) + schalten: switching the current out."
"w0471","de.lex.einsteigen","to get in / to board","einsteigen","","Hook: climb in. Ein (in) + steigen (climb)."
"w0472","de.lex.aussteigen","to get off / to get out","aussteigen","","Hook: climb out. Aus (out) + steigen (climb)."
"w0473","de.lex.umsteigen","to change trains","umsteigen","","Hook: climb around. Um (around) + steigen: climbing over to another train."
"w0474","de.lex.aufmachen","to open up","aufmachen","","Hook: open up. Auf + machen: mach auf! = open up!"
"w0475","de.lex.zumachen","to close / to shut","zumachen","","Hook: shut to. Zu + machen. Archaic English still says: put the door to."
"w0476","de.lex.aufhoeren","to stop / to quit","aufhören","","Hook: listen up. Auf + hören (hear): hör auf! = stop it! Imagine: LISTEN UP... and stop."
"w0477","de.lex.aufpassen","to watch out / to pay attention","aufpassen","","Hook: pass. Auf + passen: pass auf! = watch out!"
"w0478","de.lex.abholen","to pick up / to fetch","abholen","","Hook: haul off. Ab (off) + holen (haul, fetch)."
"w0479","de.lex.ausziehen","to take off / to undress","ausziehen","","Hook: pull out of. Aus (out) + ziehen (pull): pulling out of your clothes. Also means to."
"w0480","de.lex.anziehen","to put on / to get dressed","anziehen","","Hook: pull on. An (on) + ziehen (pull): English also pulls on a sweater. Exact mirror."
"w0481","de.lex.einziehen","to move in","einziehen","","Hook: pull in. Ein (in) + ziehen: pulling your life into a new home."
"w0482","de.lex.anprobieren","to try on","anprobieren","","Hook: probe on. An (on) + probieren (try, probe): probing it on your body."
"w0483","de.lex.nachschlagen","to look up (a word)","nachschlagen","","Hook: strike after. Nach (after) + schlagen (strike, slay): striking through the pages."
"w0484","de.lex.vorbeikommen","to come by / to drop in","vorbeikommen","","Hook: come by. Vorbei (by, past) + kommen: come by later = komm vorbei!"
"w0485","de.lex.verschlafen","to oversleep","verschlafen","","Hook: mis-sleep. Ver- (mis/over) + schlafen (sleep): sleeping past the alarm."
"w0486","de.lex.ankommen","to arrive","ankommen","","Hook: come on. An (at, on) + kommen: coming on to a place. Think oncoming."
"w0487","de.lex.weitergehen","to go on / to continue","weitergehen","","Hook: go further. Weiter (further) + gehen: es geht weiter = it goes on."
"w0488","de.lex.gift","poison","Gift","das","False friend: das Gift = poison, not a present!"
"w0489","de.lex.bekommen","to receive / to get","bekommen","","False friend: bekommen = to get, not to become (that is werden)."
"w0490","de.lex.handy","mobile phone","Handy","das","Looks English but is not: das Handy = mobile phone. Hook: it fits in your hand."
"w0491","de.lex.fast","almost","fast","","False friend: fast = almost, not quick (that is schnell). fast fertig = almost done."
"w0492","de.lex.bald","soon","bald","","False friend: bald = soon, nothing to do with hair. Bis bald! = see you soon."
"w0493","de.lex.brav","well-behaved / good","brav","","False friend: brav = well-behaved (of children and dogs), not brave (that is mutig)."
"w0494","de.lex.chef","boss","Chef","der","False friend: der Chef = the boss, not the cook (that is der Koch)."
"w0495","de.lex.eventuell","possibly / perhaps","eventuell","","False friend: eventuell = possibly, NOT eventually (that is schließlich)."
"w0496","de.lex.aktuell","current / up to date","aktuell","","False friend: aktuell = current, topical - not actual (that is tatsächlich)."
"w0497","de.lex.fabrik","factory","Fabrik","die","False friend: die Fabrik = factory, not fabric (that is der Stoff)."
"w0498","de.lex.rezept.prescription-medical","prescription","Rezept","das","A medical Rezept is a prescription; the cooking sense has its own entry."
"w0499","de.lex.rente","pension","Rente","die","False friend: die Rente = pension, not rent (that is die Miete)."
"w0500","de.lex.roman","novel","Roman","der","False friend: der Roman = a novel, not a Roman (that is der Römer)."
"w0501","de.lex.gymnasium","grammar school / high school","Gymnasium","das","False friend: das Gymnasium = academic secondary school, not a gym (that is das."
"w0502","de.lex.art","kind / type / species","Art","die","False friend: die Art = kind, sort, species - not art (that is die Kunst)."
"w0503","de.lex.also","so / therefore / well","also","","False friend: also = so or therefore, not also (that is auch)."
"w0504","de.lex.spenden","to donate","spenden","","False friend: spenden = to donate, not to spend (that is ausgeben)."
"w0505","de.lex.provision","commission (payment)","Provision","die","False friend: die Provision = a sales commission, not provisions (that is der Proviant)."
"w0506","de.lex.brief","letter (mail)","Brief","der","False friend: der Brief = a letter, not Brief."
"w0507","de.lex.boot","boat","Boot","das","Cognate of boat - but a false friend of the English Boot (that is der Stiefel)."
"w0508","de.lex.billion","trillion","Billion","die","NUMBER TRAP: German Billion = English trillion."
"w0509","de.lex.mist","manure / rubbish","Mist","der","False friend: der Mist = dung or rubbish (So ein Mist!"
"w0510","de.lex.dose","can / tin","Dose","die","False friend: die Dose = a tin can, not a Dose (that is die Dosis)."
"w0511","de.lex.lokal","pub / restaurant","Lokal","das","False friend: das Lokal = an eating or drinking place. Your local pub is das Stammlokal."
"w0512","de.lex.personal","staff / personnel","Personal","das","False friend: das Personal = the staff, not Personal (that is persönlich)."
"w0513","de.lex.prospekt","brochure","Prospekt","der","False friend: der Prospekt = a brochure, not a prospect (that is die Aussicht)."
"w0514","de.lex.kaution","security deposit","Kaution","die","False friend: die Kaution = a rental deposit, not caution (that is die Vorsicht)."
"w0515","de.lex.winken","to wave","winken","","False friend: winken = to wave, not to wink (that is zwinkern)."
"w0516","de.lex.wandern.hike","to hike","wandern","","HALF false friend: wandern = purposeful hiking, English wander = aimless roaming."
"w0517","de.lex.oldtimer","classic car","Oldtimer","der","Pseudo-English: der Oldtimer = a vintage car, not an old person."
"w0518","de.lex.smoking","tuxedo","Smoking","der","Pseudo-English: der Smoking = a tuxedo, from the Victorian Smoking jacket."
"w0519","de.lex.beamer","video projector","Beamer","der","Pseudo-English: der Beamer = a projector (it beams light), not a BMW."
"w0520","de.lex.sympathisch","likeable / nice","sympathisch","","False friend: sympathisch = likeable, not sympathetic (that is mitfühlend)."
"w0521","de.lex.sensibel","sensitive","sensibel","","False friend: sensibel = sensitive, not sensible (that is vernünftig)."
"w0522","de.lex.konsequent","consistent","konsequent","","False friend: konsequent = consistent, not consequent."
"w0523","de.lex.tablett","tray","Tablett","das","THREE-WAY TRAP: das Tablett = tray, die Tablette = pill, das Tablet = the device."
"w0524","de.lex.rat","advice / council","Rat","der","False friend: der Rat = advice or a council, not a rat (that is die Ratte)."
"w0525","de.lex.irritieren","to confuse / to puzzle","irritieren","","False friend: irritieren usually means to confuse, not merely to irritate."
"w0526","de.lex.genial","brilliant / ingenious","genial","","False friend: genial = brilliant, of genius - not genial or friendly (that is."
"w0527","de.lex.messe","trade fair / mass","Messe","die","False friend: die Messe = a trade fair or a church mass, not a mess (that is das Chaos)."
"w0528","de.lex.mode","fashion","Mode","die","die Mode = fashion. Hook: French Mode, as in the English phrase a la Mode."
"w0529","de.lex.ordinaer","vulgar / crude","ordinär","","False friend: ordinär = vulgar, not ordinary (that is normal)."
"w0530","de.lex.praeservativ","condom","Präservativ","das","FAMOUS false friend: das Präservativ = condom, not a food preservative (that is das."
"w0531","de.lex.regal","shelf","Regal","das","False friend: das Regal = a shelf, not Regal or royal (that is königlich)."
"w0532","de.lex.serioes","reputable / trustworthy","seriös","","False friend: seriös = reputable, not serious (that is ernst)."
"w0533","de.lex.taste","key / button (to press)","Taste","die","False friend: die Taste = a key you press, not Taste (that is der Geschmack)."
"w0534","de.lex.termin","appointment / deadline","Termin","der","False friend: der Termin = an appointment or deadline."
"w0535","de.lex.unternehmer","entrepreneur","Unternehmer","der","Hook: undertaker. Literally under-taker: one who undertakes. English undertaker drifted."
"w0536","de.lex.knecht","servant / farmhand","Knecht","der","Hook: knight. The same word with opposite careers: the English knight rose to nobility."
"w0537","de.lex.knabe","boy / lad","Knabe","der","Hook: knave. Same word: English knave slid from boy to rogue; German Knabe stayed."
"w0538","de.lex.haben","to have","haben","","Hook: have. English v often corresponds to German b: have → haben."
"w0539","de.lex.ueber","over / above","über","","Hook: over. Sound shift: v→b."
"w0540","de.lex.grab","grave","Grab","das","Hook: grave. Sound shift: v→b."
"w0541","de.lex.graben","to dig","graben","","Hook: engrave. Digging and engraving share the root: grave → graben."
"w0542","de.lex.kalb","calf","Kalb","das","Hook: calf. Sound shift: f→b."
"w0543","de.lex.halb","half","halb","","Hook: half. Sound shift: f→b."
"w0544","de.lex.taube","dove / pigeon","Taube","die","Hook: dove. Sound shift: v→b."
"w0545","de.lex.taub","deaf","taub","","Hook: deaf. Sound shift: f→b."
"w0546","de.lex.dieb","thief","Dieb","der","Hook: thief. Two shifts at once: th→d and f→b."
"w0547","de.lex.stab","staff / rod","Stab","der","Hook: staff. Sound shift: f→b."
"w0548","de.lex.sieb","sieve","Sieb","das","Hook: sieve. Sound shift: v→b."
"w0549","de.lex.salbe","ointment / salve","Salbe","die","Hook: salve. Sound shift: v→b."
"w0550","de.lex.laub","foliage / leaves","Laub","das","Hook: leaf. Sound shift: f→b."
"w0551","de.lex.rabe","raven","Rabe","der","Hook: raven. Sound shift: v→b."
"w0552","de.lex.treiben","to drive / to drift","treiben","","Hook: drive. Double shift: d→t and v→b: drive Antrieb = drive, motivation."
"w0553","de.lex.weben","to weave","weben","","Hook: weave. Sound shift: v→b."
"w0554","de.lex.uebel","nauseous / evil","übel","","Hook: evil. Sound shift: v→b."
"w0555","de.lex.biber","beaver","Biber","der","Hook: beaver. Sound shift: v→b."
"w0556","de.lex.fieber","fever","Fieber","das","Hook: fever. Sound shift: v→b."
"w0557","de.lex.leber","liver","Leber","die","Hook: liver. Sound shift: v→b."
"w0558","de.lex.lunge","lung","Lunge","die","Sounds like ""lung""."
"w0559","de.lex.rippe","rib","Rippe","die","Sounds like ""rib""."
"w0560","de.lex.blasen","to blow","blasen","","Sounds like ""blast"" → blasen."
"w0561","de.lex.blase","bladder / bubble / blister","Blase","die","Hook: bladder. What gets blown up: blasen → Blase."
"w0562","de.lex.schweiss","sweat","Schweiß","der","Hook: sweat. Sound shift: t→ß."
"w0563","de.lex.suess","sweet","süß","","Hook: sweet. Sound shift: t→ß."
"w0564","de.lex.weizen","wheat","Weizen","der","Hook: wheat. Sound shift: t→z."
"w0565","de.lex.teig","dough","Teig","der","Hook: dough. d→t plus the gh-g pair: dough → Teig."
"w0566","de.lex.zange","tongs / pliers","Zange","die","Hook: tongs. Sound shift: t→z."
"w0567","de.lex.sattel","saddle","Sattel","der","Hook: saddle. Sound shift: d→t."
"w0568","de.lex.leiter","ladder","Leiter","die","Hook: ladder. Sound shift: d→t."
"w0569","de.lex.pflaume","plum","Pflaume","die","Hook: plum. Sound shift: p→pf."
"w0570","de.lex.pfirsich","peach","Pfirsich","der","Hook: peach. p→pf, both from Latin persica: the Persian apple."
"w0571","de.lex.pfeifen","to whistle","pfeifen","","Hook: pipe / fife. Sound shift: p→pf."
"w0572","de.lex.scharf","sharp / spicy","scharf","","Hook: sharp. Sound shift: p→f."
"w0573","de.lex.zaeh","tough","zäh","","Hook: tough. t→z plus the gh-h pair: tough → zäh."
"w0574","de.lex.rau","rough","rau","","Hook: rough. The silent gh again: rough → rau."
"w0575","de.lex.dicht","dense / tight / leakproof","dicht","","Hook: tight. th→d: tight Der Dichter (poet) is an unrelated surprise next door."
"w0576","de.lex.anders","other / different","anders","","Hook: other. th→d: other → anders."
"w0577","de.lex.dann","then","dann","","Hook: then. th→d: then → dann."
"w0578","de.lex.durch","through","durch","","Hook: through. th→d: through Thorough is its cousin."
"w0579","de.lex.gaehnen","to yawn","gähnen","","Hook: yawn. g↔y: yawn → gähnen."
"w0580","de.lex.garn","yarn / thread","Garn","das","Hook: yarn. g↔y: yarn → Garn."
"w0581","de.lex.bogen.bow-curve","bow (curve / weapon)","Bogen","der","Hook: bow. g↔w: bow , like elbow - Ellbogen."
"w0582","de.lex.eigen","own","eigen","","Hook: own. Old English agen: own Eigenvalue even entered English maths."
"w0583","de.lex.zwerg","dwarf","Zwerg","der","Sounds like ""dwarf"" → Zwerg."
"w0584","de.lex.borgen","to borrow","borgen","","Sounds like ""borrow""."
"w0585","de.lex.folgen","to follow","folgen","","Sounds like ""follow""."
"w0586","de.lex.galgen","gallows","Galgen","der","Hook: gallows. gallows Galgenhumor = gallows humour, borrowed by English."
"w0587","de.lex.knoten","knot","Knoten","der","Hook: knot. knot : German actually pronounces the K."
"w0588","de.lex.kneten","to knead","kneten","","Hook: knead. knead : the silent English kn- is spoken in German."
"w0589","de.lex.schwan","swan","Schwan","der","Sounds like ""swan""."
"w0590","de.lex.schwert","sword","Schwert","das","Hook: sword. sword : the w is silent in English, spoken in German."
"w0591","de.lex.schwoeren","to swear (an oath)","schwören","","Sounds like ""swear""."
"w0592","de.lex.schwalbe","swallow (bird)","Schwalbe","die","Sounds like ""swallow""."
"w0593","de.lex.schlitten","sled / sleigh","Schlitten","der","Sounds like ""sled""."
"w0594","de.lex.schmelzen","to melt","schmelzen","","Sounds like ""smelt"" → schmelzen."
"w0595","de.lex.schmied","smith / blacksmith","Schmied","der","Hook: smith. smith : the surnames Goldschmidt and Kleinschmidt keep it."
"w0596","de.lex.schmieren","to smear","schmieren","","Sounds like ""smear""."
"w0597","de.lex.schnappen","to snap / to catch","schnappen","","Hook: snap. snap Schnaps = a quick snap of a drink!"
"w0598","de.lex.schnecke","snail","Schnecke","die","Hook: snail. The same sn- creature: snail → Schnecke."
"w0599","de.lex.schnarchen","to snore","schnarchen","","Sounds like ""snore"" → schnarchen."
"w0600","de.lex.steif","stiff","steif","","Sounds like ""stiff""."
"w0601","de.lex.stich","stitch / sting (noun)","Stich","der","Sounds like ""stitch""."
"w0602","de.lex.stechen","to sting / to stab","stechen","","Sounds like ""sting""."
"w0603","de.lex.stecken","to stick / to put into","stecken","","Sounds like ""stick""."
"w0604","de.lex.strecken","to stretch","strecken","","Sounds like ""stretch""."
"w0605","de.lex.still","still / quiet","still","","Hook: still. Identical word: still Stille Nacht = Silent Night."
"w0606","de.lex.storch","stork","Storch","der","Sounds like ""stork""."
"w0607","de.lex.strom.electric-current","stream / electric current","Strom","der","Hook: stream. stream : in German it also means electricity!"
"w0608","de.lex.stroh","straw","Stroh","das","Sounds like ""straw""."
"w0609","de.lex.strand","beach / shore","Strand","der","Hook: Strand. London's Strand street once ran along the river bank."
"w0610","de.lex.stehlen","to steal","stehlen","","Sounds like ""steal""."
"w0611","de.lex.flut","flood / high tide","Flut","die","Sounds like ""flood""."
"w0612","de.lex.ebbe","low tide / ebb","Ebbe","die","Sounds like ""ebb""."
"w0613","de.lex.hafen.harbour","harbour","Hafen","der","Hook: haven. A safe haven is a harbour. Copenhagen = merchants harbour."
"w0614","de.lex.anker","anchor","Anker","der","Sounds like ""anchor""."
"w0615","de.lex.segel","sail","Segel","das","Sounds like ""sail""."
"w0616","de.lex.segeln","to sail","segeln","","Sounds like ""sail""."
"w0617","de.lex.wagen","car / wagon","Wagen","der","Hook: wagon. wagon : Volkswagen = the people's car."
"w0618","de.lex.nachbar.neighbour","neighbour","Nachbar","der","Hook: neighbour. Both mean nigh-dweller: the one living near. Neighbour = nigh + boor."
"w0619","de.lex.nadel","needle","Nadel","die","Sounds like ""needle""."
"w0620","de.lex.wolle","wool","Wolle","die","Sounds like ""wool""."
"w0621","de.lex.leinen","linen","Leinen","das","Sounds like ""linen""."
"w0622","de.lex.guertel","belt / girdle","Gürtel","der","Sounds like ""girdle""."
"w0623","de.lex.keller","cellar / basement","Keller","der","Hook: cellar. Latin cellarium: cellar → Keller."
"w0624","de.lex.kammer","chamber / small room","Kammer","die","Hook: chamber. Latin camera: chamber Yes, the camera was once a room!"
"w0625","de.lex.halle","hall","Halle","die","Sounds like ""hall""."
"w0626","de.lex.turm","tower","Turm","der","Hook: tower. Latin turris: tower → Turm."
"w0627","de.lex.giebel","gable","Giebel","der","Sounds like ""gable""."
"w0628","de.lex.hammer","hammer","Hammer","der","Near-identical to English ""hammer""."
"w0629","de.lex.saege","saw","Säge","die","Sounds like ""saw""."
"w0630","de.lex.bohren","to drill / to bore","bohren","","Hook: bore. A boring tool bores holes: bore → bohren."
"w0631","de.lex.ofen","oven / stove","Ofen","der","Sounds like ""oven""."
"w0632","de.lex.herd","stove / cooker / hearth","Herd","der","Hook: hearth. hearth : the fire at the heart of the home."
"w0633","de.lex.kamin","fireplace / chimney","Kamin","der","Hook: chimney. Latin caminus: chimney → Kamin."
"w0634","de.lex.rauch","smoke","Rauch","der","Hook: reek. Smoke reeks: Rauch - reek. Reykjavik = smoky bay!"
"w0635","de.lex.asche","ash","Asche","die","Sounds like ""ash""."
"w0636","de.lex.kohle","coal","Kohle","die","Hook: coal. coal Also slang for money!"
"w0637","de.lex.flamme","flame","Flamme","die","Sounds like ""flame""."
"w0638","de.lex.bohne","bean","Bohne","die","Sounds like ""bean""."
"w0639","de.lex.kohl","cabbage","Kohl","der","Hook: coleslaw. English cole (old word for cabbage): coleslaw = cabbage salad."
"w0640","de.lex.kirsche","cherry","Kirsche","die","Hook: cherry. Latin cerasus behind both: cherry → Kirsche."
"w0641","de.lex.beere","berry","Beere","die","Sounds like ""berry""."
"w0642","de.lex.erdbeere","strawberry","Erdbeere","die","Hook: earth-berry. Erd (earth) + Beere (berry): the berry that grows on the ground."
"w0643","de.lex.zitrone","lemon","Zitrone","die","Hook: citron. The citrus family: citron → Zitrone."
"w0644","de.lex.nudel","noodle / pasta","Nudel","die","Hook: noodle. English borrowed noodle FROM German!"
"w0645","de.lex.reis","rice","Reis","der","Sounds like ""rice""."
"w0646","de.lex.roggen","rye","Roggen","der","Sounds like ""rye""."
"w0647","de.lex.quark","quark (cheese)","Quark","der","Hook: Quark. English borrowed it: even the physics particle was named after it."
"w0648","de.lex.schinken","ham","Schinken","der","Hook: shank. English shank = the leg cut of meat."
"w0649","de.lex.sauer","sour","sauer","","Hook: sour. sour : sauerkraut crossed into English whole."
"w0650","de.lex.mild","mild","mild","","Hook: mild. Identical: mild → mild."
"w0651","de.lex.frisch","fresh","frisch","","Sounds like ""fresh""."
"w0652","de.lex.faul","rotten / lazy","faul","","Hook: foul. foul : it means both rotten AND lazy. A foul deal is ein fauler Deal."
"w0653","de.lex.roh","raw","roh","","Sounds like ""raw""."
"w0654","de.lex.fett","fat (adjective)","fett","","Sounds like ""fat""."
"w0655","de.lex.mager","meager / lean","mager","","Sounds like ""meager""."
"w0656","de.lex.schlank","slim / slender","schlank","","Hook: lanky. The slim root: lank → schlank."
"w0657","de.lex.fest","firm / solid / fixed","fest","","Hook: fast. English fast originally meant firm: steadfast, hold fast. German kept that."
"w0658","de.lex.lose","loose","lose","","Sounds like ""loose""."
"w0659","de.lex.eben","even / level / flat","eben","","Sounds like ""even""."
"w0660","de.lex.flach","flat","flach","","Sounds like ""flat""."
"w0661","de.lex.sanft","soft / gentle","sanft","","Sounds like ""soft""."
"w0662","de.lex.nackt","naked","nackt","","Sounds like ""naked""."
"w0663","de.lex.blind","blind","blind","","Hook: blind. Identical spelling: blind → blind."
"w0664","de.lex.lahm","lame","lahm","","Hook: lame. lame : also lame in the slang sense."
"w0665","de.lex.rund","round","rund","","Sounds like ""round""."
"w0666","de.lex.hohl","hollow","hohl","","Sounds like ""hollow""."
"w0667","de.lex.doppelt","double","doppelt","","Sounds like ""double""."
"w0668","de.lex.gleich","equal / same / right away","gleich","","Hook: alike. A-like = ge-lich: the same word in two disguises. Bis gleich = see you in."
"w0669","de.lex.spitz","pointed / sharp-tipped","spitz","","Hook: spitz. The spitz dog breed has pointed ears: English borrowed the word."
"w0670","de.lex.stumpf","blunt / dull","stumpf","","Hook: stump. Blunt like a stump: p→pf at the end."
"w0671","de.lex.mut","courage","Mut","der","Hook: mood. Old English mod = spirit, courage. Mut = courage; mood is its faded cousin."
"w0672","de.lex.sorge","worry / care","Sorge","die","Sounds like ""sorrow""."
"w0673","de.lex.scham","shame","Scham","die","Sounds like ""shame""."
"w0674","de.lex.trauer","mourning / grief","Trauer","die","Hook: dreary. Old English dreorig = sorrowful: dreary - traurig."
"w0675","de.lex.traurig","sad","traurig","","Hook: dreary. Old English dreorig = sad, bloody: dreary → traurig."
"w0676","de.lex.trost","comfort / consolation","Trost","der","Hook: trust. Trost and trust share a root: comfort is what you can lean on."
"w0677","de.lex.freude","joy","Freude","die","Hook: frolic. Frolic came from the same root as fröhlich and Freude."
"w0678","de.lex.froehlich","merry / cheerful","fröhlich","","Hook: frolic. English frolic = Dutch vrolijk = German fröhlich."
"w0679","de.lex.magen","stomach","Magen","der","Hook: maw. English maw = an animal's stomach."
"w0680","de.lex.teil","part / share","Teil","der","Hook: deal. Old English dael = part: a great deal."
"w0681","de.lex.teilen","to share / to divide","teilen","","Hook: deal. A card dealer deals = shares out the cards."
"w0682","de.lex.spinnen","to spin","spinnen","","Hook: spin. spin Du spinnst! = you are crazy (your head is spinning)."
"w0683","de.lex.sinken","to sink","sinken","","Sounds like ""sink""."
"w0684","de.lex.schwingen","to swing","schwingen","","Sounds like ""swing""."
"w0685","de.lex.wringen","to wring","wringen","","Sounds like ""wring""."
"w0686","de.lex.winden","to wind / to twist","winden","","Hook: wind. wind : a winding road."
"w0687","de.lex.melken","to milk","melken","","Sounds like ""milk""."
"w0688","de.lex.mahlen","to grind","mahlen","","Hook: mill / meal. mahlen - mill: ground grain = meal."
"w0689","de.lex.brauen","to brew","brauen","","Hook: brew. brew : Brauerei = brewery."
"w0690","de.lex.braten","to roast / to fry","braten","","Hook: bratwurst. English borrowed Bratwurst: the roast-sausage."
"w0691","de.lex.tauen","to thaw","tauen","","Sounds like ""thaw""."
"w0692","de.lex.streuen","to strew / to scatter","streuen","","Sounds like ""strew""."
"w0693","de.lex.treten","to tread / to step / to kick","treten","","Sounds like ""tread""."
"w0694","de.lex.wiegen","to weigh","wiegen","","Sounds like ""weigh""."
"w0695","de.lex.sparen","to save (money) / to spare","sparen","","Hook: spare. To spare money = to save it. Sparkasse = savings bank."
"w0696","de.lex.schwellen","to swell","schwellen","","Sounds like ""swell""."
"w0697","de.lex.schrumpfen","to shrink","schrumpfen","","Hook: shrink. The shr- pair: shrink → schrumpfen."
"w0698","de.lex.schraube","screw","Schraube","die","Sounds like ""screw""."
"w0699","de.lex.fuchs","fox","Fuchs","der","Sounds like ""fox""."
"w0700","de.lex.krebs","crab / cancer","Krebs","der","Hook: crab. crab : also cancer, via the zodiac Crab."
"w0701","de.lex.wurm","worm","Wurm","der","Sounds like ""worm""."
"w0702","de.lex.laus","louse","Laus","die","Hook: louse. louse : lousy!"
"w0703","de.lex.affe","ape / monkey","Affe","der","Sounds like ""ape""."
"w0704","de.lex.hase","hare","Hase","der","Sounds like ""hare""."
"w0705","de.lex.hirsch","stag / deer","Hirsch","der","Hook: hart. English hart = stag: all the White Hart pubs."
"w0706","de.lex.ochse","ox","Ochse","der","Sounds like ""ox""."
"w0707","de.lex.fohlen","foal","Fohlen","das","Sounds like ""foal""."
"w0708","de.lex.fluegel","wing","Flügel","der","Hook: fly. The Flügel is the fly-er; also a grand piano (winged shape)."
"w0709","de.lex.nest","nest","Nest","das","Hook: Nest. Identical: Nest → Nest."
"w0710","de.lex.montag","Monday","Montag","der","Hook: Monday. Moon-day in both languages: Mond + Tag."
"w0711","de.lex.donnerstag","Thursday","Donnerstag","der","Hook: Thursday. Thunder-day: Thor's day in both languages."
"w0712","de.lex.freitag","Friday","Freitag","der","Hook: Friday. The goddess Frigg / Freya's day in both."
"w0713","de.lex.sonntag","Sunday","Sonntag","der","Hook: Sunday. Sun-day: Sonne + Tag."
"w0714","de.lex.hier","here","hier","","Sounds like ""here""."
"w0715","de.lex.unter","under / below","unter","","Sounds like ""under""."
"w0716","de.lex.vor","before / in front of","vor","","Hook: fore. before, forecast: vor - fore."
"w0717","de.lex.hinter","behind","hinter","","Hook: hind. behind, hindsight: hinter - hind."
"w0718","de.lex.gegen","against","gegen","","Hook: against. Old English ongegn: gegen - against."
"w0719","de.lex.zwischen","between","zwischen","","Hook: between. Both are built on TWO: zwei, twain→between."
"w0720","de.lex.mit","with","mit","","Hook: mid. Old English mid = with: amid = in the middle, with."
"w0721","de.lex.bei","by / at (someone's place)","bei","","Hook: by. by : bei mir = at my place, by me."
"w0722","de.lex.in","in","in","","Hook: in. Identical: in → in."
"w0723","de.lex.so","so","so","","Hook: so. Identical: so → so."
"w0724","de.lex.sehr","very","sehr","","Hook: sore. Old English sare = very: sore afraid in the King James Bible."
"w0725","de.lex.auf.open","up (direction / open)","auf","","Hook: up. The picture matches: aufstehen = stand up, aufmachen = open up."
"w0726","de.lex.mittwoch","Wednesday","Mittwoch","der","Hook: mid-week. Mittwoch literally = midweek. English Wednesday hides Woden instead."
"w0727","de.lex.staubsauger","vacuum cleaner","Staubsauger","der","Hook: dust-sucker. Staub (dust) + Sauger (sucker): says exactly what it does."
"w0728","de.lex.kuehlschrank","refrigerator","Kühlschrank","der","Hook: cool-cupboard. Kühl (cool) + Schrank (cupboard)."
"w0729","de.lex.gluehbirne","light bulb","Glühbirne","die","Hook: glow-pear. Glüh (glow) + Birne (pear): a pear that glows!"
"w0730","de.lex.flugzeug.airplane","airplane","Flugzeug","das","Hook: flight-stuff. Flug (flight) + Zeug (stuff, gear)."
"w0731","de.lex.spielzeug","toy","Spielzeug","das","Hook: play-stuff. Spiel (play) + Zeug (stuff)."
"w0732","de.lex.werkzeug","tool","Werkzeug","das","Hook: work-stuff. Werk (work) + Zeug (stuff)."
"w0733","de.lex.feuerzeug","lighter","Feuerzeug","das","Hook: fire-stuff. Feuer (fire) + Zeug (stuff)."
"w0734","de.lex.krankenwagen","ambulance","Krankenwagen","der","Hook: sick-wagon. Kranken (sick) + Wagen (wagon)."
"w0735","de.lex.schildkroete","turtle / tortoise","Schildkröte","die","Hook: shield-toad. Schild (shield) + Kröte (toad): unforgettable."
"w0736","de.lex.fledermaus","bat (animal)","Fledermaus","die","Hook: flutter-mouse. Fleder (flutter) + Maus (mouse). Die Fledermaus, the operetta!"
"w0737","de.lex.waschbaer","raccoon","Waschbär","der","Hook: wash-bear. Wasch (wash) + Bär (bear): it looks like it washes its food."
"w0738","de.lex.faultier","sloth (animal)","Faultier","das","Hook: lazy-animal. Faul (lazy) + Tier (animal)."
"w0739","de.lex.stinktier","skunk","Stinktier","das","Hook: stink-animal. Stinkt + Tier: no explanation needed."
"w0740","de.lex.nilpferd","hippopotamus","Nilpferd","das","Hook: Nile-horse. Nil + Pferd (horse): same idea as the Greek river-horse."
"w0741","de.lex.meerschweinchen","guinea pig","Meerschweinchen","das","Hook: little sea-pig. Meer (sea) + Schweinchen (piglet): it came over the sea."
"w0742","de.lex.zahnfleisch","gums","Zahnfleisch","das","Hook: tooth-flesh. Zahn (tooth) + Fleisch (flesh)."
"w0743","de.lex.scheinwerfer","headlight","Scheinwerfer","der","Hook: shine-thrower. Schein (shine) + Werfer (thrower): it throws light."
"w0744","de.lex.mauer.outdoor","wall (freestanding / outdoor)","Mauer","die","Hook: mural. Latin murus: a mural is a wall painting. The Berlin Wall = die Berliner."
"w0745","de.lex.rad","wheel","Rad","das","Hook: radial / radius. A wheel is radial; Fahrrad = ride-wheel = bicycle."
"w0746","de.lex.fahrrad.bicycle","bicycle","Fahrrad","das","Hook: ride-wheel. Fahr (ride) + Rad (wheel): says what it is."
"w0747","de.lex.kummer","worry / grief","Kummer","der","Hook: encumber. To be encumbered = weighed down: Kummer is that weight on the soul."
"w0748","de.lex.insel","island","Insel","die","Hook: insular / peninsula. Latin insula: insular thinking = island thinking."
"w0749","de.lex.kueste","coast","Küste","die","Hook: coast. Latin costa (rib, side): coast → Küste."
"w0750","de.lex.welle","wave (water)","Welle","die","Hook: well up. Water wells up in waves: the w- start helps."
"w0751","de.lex.hotel","hotel","Hotel","das","Hook: Hotel. International word: nearly identical in English."
"w0752","de.lex.restaurant","restaurant","Restaurant","das","Hook: Restaurant. International word: nearly identical in English."
"w0753","de.lex.cafe.cafe","café","Café","das","Hook: cafe. International word: nearly identical in English."
"w0754","de.lex.bar","bar","Bar","die","Hook: bar. International word: nearly identical in English."
"w0755","de.lex.taxi","taxi","Taxi","das","Hook: Taxi. International word: nearly identical in English."
"w0756","de.lex.bus","bus","Bus","der","Hook: bus. International word: nearly identical in English."
"w0757","de.lex.auto","car / automobile","Auto","das","Hook: car / automobile. International word: nearly identical in English."
"w0758","de.lex.radio","radio","Radio","das","Hook: Radio. International word: nearly identical in English."
"w0759","de.lex.computer","computer","Computer","der","Hook: Computer. International word: nearly identical in English."
"w0760","de.lex.internet","internet","Internet","das","Hook: Internet. International word: nearly identical in English."
"w0761","de.lex.telefon.telephone","telephone","Telefon","das","Hook: telephone. International word: nearly identical in English."
"w0762","de.lex.kamera","camera","Kamera","die","Hook: camera. International word: nearly identical in English."
"w0763","de.lex.foto","photo","Foto","das","Hook: photo. International word: nearly identical in English."
"w0764","de.lex.film","film / movie","Film","der","Hook: Film / movie. International word: nearly identical in English."
"w0765","de.lex.musik","music","Musik","die","Hook: music. International word: nearly identical in English."
"w0766","de.lex.konzert","concert","Konzert","das","Hook: concert. International word: nearly identical in English."
"w0767","de.lex.theater.theatre","theatre","Theater","das","Hook: theatre. International word: nearly identical in English."
"w0768","de.lex.museum","museum","Museum","das","Hook: Museum. International word: nearly identical in English."
"w0769","de.lex.park","park","Park","der","Hook: Park. International word: nearly identical in English."
"w0770","de.lex.bank","bank","Bank","die","Hook: Bank. Same word. Careful: die Bank also means a bench (plural Bänke)!"
"w0771","de.lex.polizei","police","Polizei","die","Hook: police. International word: nearly identical in English."
"w0772","de.lex.universitaet","university","Universität","die","Hook: university. International word: nearly identical in English."
"w0773","de.lex.student","student","Student","der","Hook: Student. International word: nearly identical in English."
"w0774","de.lex.professor","professor","Professor","der","Hook: Professor. International word: nearly identical in English."
"w0775","de.lex.doktor","doctor (title)","Doktor","der","Hook: doctor (title). International word: nearly identical in English."
"w0776","de.lex.medizin","medicine","Medizin","die","Hook: medicine. International word: nearly identical in English."
"w0777","de.lex.familie","family","Familie","die","Hook: family. International word: nearly identical in English."
"w0778","de.lex.person","person","Person","die","Hook: Person. International word: nearly identical in English."
"w0779","de.lex.nation","nation","Nation","die","Hook: Nation. International word: nearly identical in English."
"w0780","de.lex.kultur","culture","Kultur","die","Hook: culture. International word: nearly identical in English."
"w0781","de.lex.natur","nature","Natur","die","Hook: nature. International word: nearly identical in English."
"w0782","de.lex.sport","sport","Sport","der","Hook: Sport. International word: nearly identical in English."
"w0783","de.lex.fussball","football / soccer","Fußball","der","Hook: foot + ball. Fuß + Ball: literally football - and it means soccer."
"w0784","de.lex.tennis","tennis","Tennis","das","Hook: Tennis. International word: nearly identical in English."
"w0785","de.lex.golf","golf","Golf","das","Hook: Golf. International word: nearly identical in English."
"w0786","de.lex.hobby","hobby","Hobby","das","Hook: Hobby. International word: nearly identical in English."
"w0787","de.lex.party","party","Party","die","Hook: Party. International word: nearly identical in English."
"w0788","de.lex.baby","baby","Baby","das","Hook: Baby. International word: nearly identical in English."
"w0789","de.lex.ticket","ticket","Ticket","das","Hook: Ticket. International word: nearly identical in English."
"w0790","de.lex.idee","idea","Idee","die","Hook: idea. International word: nearly identical in English."
"w0791","de.lex.problem","problem","Problem","das","Hook: Problem. International word: nearly identical in English."
"w0792","de.lex.projekt","project","Projekt","das","Hook: project. International word: nearly identical in English."
"w0793","de.lex.plan","plan","Plan","der","Hook: Plan. International word: nearly identical in English."
"w0794","de.lex.programm","program","Programm","das","Hook: program. International word: nearly identical in English."
"w0795","de.lex.papier","paper","Papier","das","Hook: paper. International word: nearly identical in English."
"w0796","de.lex.karte","card / map","Karte","die","Hook: card. die Karte = card, ticket, menu AND map: one word, many uses."
"w0797","de.lex.adresse","address","Adresse","die","Hook: address. International word: nearly identical in English."
"w0798","de.lex.nummer.number-of-a-house","number (of a house, phone)","Nummer","die","Hook: number. International word: nearly identical in English."
"w0799","de.lex.minute","minute","Minute","die","Hook: Minute. International word: nearly identical in English."
"w0800","de.lex.sekunde","second (time)","Sekunde","die","Hook: second (time). International word: nearly identical in English."
"w0801","de.lex.moment","moment","Moment","der","Hook: Moment. International word: nearly identical in English."
"w0802","de.lex.situation","situation","Situation","die","Hook: Situation. International word: nearly identical in English."
"w0803","de.lex.information","information","Information","die","Hook: Information. International word: nearly identical in English."
"w0804","de.lex.organisation","organisation","Organisation","die","Hook: Organisation. International word: nearly identical in English."
"w0805","de.lex.diskussion","discussion","Diskussion","die","Hook: discussion. International word: nearly identical in English."
"w0806","de.lex.interesse","interest","Interesse","das","Hook: interest. International word: nearly identical in English."
"w0807","de.lex.gitarre","guitar","Gitarre","die","Hook: guitar. International word: nearly identical in English."
"w0808","de.lex.oper","opera","Oper","die","Hook: opera. International word: nearly identical in English."
"w0809","de.lex.salat.lettuce-plant","lettuce","Salat","der","Hook: leafy lettuce; the prepared dish has its own entry."
"w0810","de.lex.tomate","tomato","Tomate","die","Hook: tomato. International word: nearly identical in English."
"w0811","de.lex.banane","banana","Banane","die","Hook: banana. International word: nearly identical in English."
"w0812","de.lex.schokolade","chocolate","Schokolade","die","Hook: chocolate. International word: nearly identical in English."
"w0813","de.lex.kaffee","coffee","Kaffee","der","Hook: coffee. International word: nearly identical in English."
"w0814","de.lex.tee","tea","Tee","der","Hook: tea. International word: nearly identical in English."
"w0815","de.lex.januar","January","Januar","der","Hook: January. International word: nearly identical in English."
"w0816","de.lex.februar","February","Februar","der","Hook: February. International word: nearly identical in English."
"w0817","de.lex.maerz","March","März","der","Hook: March. International word: nearly identical in English."
"w0818","de.lex.april","April","April","der","Hook: April. International word: nearly identical in English."
"w0819","de.lex.mai","May","Mai","der","Hook: May. International word: nearly identical in English."
"w0820","de.lex.juni","June","Juni","der","Hook: June. International word: nearly identical in English."
"w0821","de.lex.juli","July","Juli","der","Hook: July. International word: nearly identical in English."
"w0822","de.lex.august","August","August","der","Hook: August. International word: nearly identical in English."
"w0823","de.lex.september","September","September","der","Hook: September. International word: nearly identical in English."
"w0824","de.lex.oktober","October","Oktober","der","Hook: October. International word: nearly identical in English."
"w0825","de.lex.november","November","November","der","Hook: November. International word: nearly identical in English."
"w0826","de.lex.dezember","December","Dezember","der","Hook: December. International word: nearly identical in English."
"w0827","de.lex.interessant","interesting","interessant","","Hook: interesting. International word: nearly identical in English."
"w0828","de.lex.modern","modern","modern","","Hook: modern. International word: nearly identical in English."
"w0829","de.lex.international","international","international","","Hook: international. international word: nearly identical in English."
"w0830","de.lex.direkt","direct","direkt","","Hook: direct. International word: nearly identical in English."
"w0831","de.lex.perfekt","perfect","perfekt","","Hook: perfect. International word: nearly identical in English."
"w0832","de.lex.extrem","extreme","extrem","","Hook: extreme. International word: nearly identical in English."
"w0833","de.lex.aktiv","active","aktiv","","Hook: active. International word: nearly identical in English."
"w0834","de.lex.kreativ","creative","kreativ","","Hook: creative. International word: nearly identical in English."
"w0835","de.lex.positiv","positive","positiv","","Hook: positive. International word: nearly identical in English."
"w0836","de.lex.negativ","negative","negativ","","Hook: negative. International word: nearly identical in English."
"w0837","de.lex.weib","wife / woman (archaic, coarse today)","Weib","das","Hook: wife. Sound shift: v→b."
