english,target
he/she is,è
they are (pl.),sono
I was (imperfect),ero
"you were (sg., imperf.)",eri
he/she was,era
we were,eravamo
they were,erano
you will be,sarai
he/she will be,sarà
we will be,saremo
they will be,saranno
you would be,saresti
he/she would be,sarebbe
he/she has,ha
I had (imperfect),avevo
you had (imperf.),avevi
he/she had,aveva
we had,avevamo
they had,avevano
I had (past),ho avuto
you will have,avrai
he/she will have,avrà
we will have,avremo
they will have,avranno
he/she goes,va
I went (past),sono andato/a
I was going,andavo
you will go,andrai
he/she will go,andrà
go! (sg.),vai!
I do/make,faccio
he/she does,fa
I did/made (past),ho fatto
I was doing,facevo
I will do,farò
I would do,farei
do! (sg.),fai!
do! (pl.),fate!
he/she comes,viene
I came (past),sono venuto/a
I would come,verrei
come! (sg.),vieni!
he/she can,può
I could (imperfect),potevo
I was able to (past),ho potuto
I would be able to,potrei
he/she must,deve
I had to (imperfect),dovevo
I had to (past),ho dovuto
he/she wants,vuole
I wanted (imperfect),volevo
I wanted (past),ho voluto
I would want,vorrei
he/she knows,sa
I knew (imperfect),sapevo
I found out (past),ho saputo
he/she says,dice
I said (past),ho detto
I was saying,dicevo
I would say,direi
say! (sg.),di'!
I stay / am (temp.),sto
he/she stays,sta
I stayed (past),sono rimasto/a
I was staying,stavo
I will stay,starò
I would stay,starei
I see,vedo
you see (sg.),vedi
he/she sees,vede
we see,vediamo
you see (pl.),vedete
they see,vedono
I saw (past),ho visto
I would see,vedrei
he/she gives,dà
I gave (past),ho dato
I take,prendo
you take (sg.),prendi
he/she takes,prende
we take,prendiamo
they take,prendono
I took (past),ho preso
I will take,prenderò
I eat,mangio
you eat (sg.),mangi
he/she eats,mangia
we eat,mangiamo
they eat,mangiano
I ate (past),ho mangiato
I will eat,mangerò
he/she drinks,beve
I drank (past),ho bevuto
I speak,parlo
you speak (sg.),parli
he/she speaks,parla
we speak,parliamo
they speak,parlano
I spoke (past),ho parlato
I will speak,parlerò
I think,penso
you think (sg.),pensi
he/she thinks,pensa
we think,pensiamo
they think,pensano
I thought (past),ho pensato
I will think,penserò
I write,scrivo
you write (sg.),scrivi
he/she writes,scrive
we write,scriviamo
they write,scrivono
I wrote (past),ho scritto
I will write,scriverò
I read (pres.),leggo
you read (pres.),leggi
he/she reads,legge
we read (pres.),leggiamo
they read (pres.),leggono
I read (past),ho letto
I will read,leggerò
I feel / hear,sento
you feel (sg.),senti
he/she feels,sente
we feel,sentiamo
they feel,sentono
I felt (past),ho sentito
I will feel,sentirò
I understand,capisco
you understand (sg.),capisci
he/she understands,capisce
we understand,capiamo
they understand,capiscono
I understood (past),ho capito
I will understand,capirò
he/she has gone,è andato/a
they have gone,sono andati/e
he/she has come,è venuto/a
they have come,sono venuti/e
he/she has arrived,è arrivato/a
he/she has left,è partito/a
he/she has stayed,è rimasto/a
he/she has fallen,è caduto/a
he/she has woken up,si è svegliato/a
he/she has got up,si è alzato/a
he/she has slept,ha dormito
he/she has eaten,ha mangiato
he/she has said,ha detto
he/she has done,ha fatto
he/she has written,ha scritto
he/she has read (past),ha letto
he/she has seen,ha visto
he/she has had,ha avuto
he/she has been (stato),è stato/a
present tense,presente
past tense (recent),passato prossimo
imperfect tense,imperfetto
simple past,passato remoto
future tense,futuro semplice
conditional tense,condizionale
subjunctive mood,congiuntivo
imperative mood,imperativo
infinitive,infinito
gerund,gerundio
past participle,participio passato
present participle,participio presente
reflexive verb,verbo riflessivo
auxiliary verb,verbo ausiliare
regular verb,verbo regolare
irregular verb,verbo irregolare
masculine noun,sostantivo maschile
feminine noun,sostantivo femminile
singular,singolare
plural,plurale
definite article,articolo determinativo
indefinite article,articolo indeterminativo
adjective,aggettivo
adverb,avverbio
conjunction,congiunzione
preposition,preposizione
subject pronoun,pronome soggetto
object pronoun,pronome oggetto
possessive adjective,aggettivo possessivo
demonstrative,dimostrativo
clause,proposizione
conjugation,coniugazione
to conjugate,coniugare
spelling,ortografia
accent mark,accento grafico
gender (grammar),genere grammaticale
agreement (grammar),accordo
tense (grammar),tempo verbale
mood (grammar),modo verbale
false friend,falso amico
to brush one's teeth,lavarsi i denti
to comb one's hair,pettinarsi
to shave,radersi
to shower,fare la doccia
to take a bath,fare il bagno
to wash one's hands,lavarsi le mani
to put on makeup,truccarsi
to dry off,asciugarsi
to wake someone up,svegliare qualcuno
to yawn,sbadigliare
to snore,russare
to dream,sognare
to have a snack,fare uno spuntino
to set the table,apparecchiare la tavola
to clear the table,sparecchiare
to do the dishes,lavare i piatti
to do laundry,fare il bucato
to iron,stirare
to vacuum,passare l'aspirapolvere
to mop the floor,passare il mocio
to dust,spolverare
to take out the trash,portare fuori la spazzatura
to go food shopping,fare la spesa
to commute,fare il pendolare
to lock the door,chiudere la porta a chiave
to unlock,aprire con la chiave
to feed the pet,dare da mangiare all'animale
to boil,bollire
to fry,friggere
to bake,cuocere al forno
to grill,grigliare
to roast,arrostire
to steam,cuocere al vapore
to simmer,sobbollire
to stir,mescolare
to mix,mescolare / amalgamare
to chop,tritare
to slice,affettare
to dice,tagliare a cubetti
to peel,sbucciare
to grate,grattugiare
to squeeze,spremere
to pour,versare
to taste (food),assaggiare
to season,condire
to marinate,marinare
to knead,impastare
to roll out (dough),stendere
to stuff,farcire
to melt,sciogliere / fondere
to reheat,riscaldare
to defrost,scongelare
to freeze (food),congelare
to strain / to drain,scolare
to whip / to beat,montare / sbattere
to sauté,saltare in padella
to reduce (sauce),ridurre a fuoco lento
to dip,immergere / inzuppare
to spread,spalmare
to crumble,sbriciolare
to layer,stratificare
pot,pentola
pan,padella
frying pan,padella antiaderente
saucepan,casseruola
baking tray,teglia
blender,frullatore
food processor,robot da cucina
cutting board,tagliere
knife,coltello
spatula,spatola
ladle,mestolo
whisk,frusta
colander,scolapasta
lid,coperchio
apron,grembiule
oven mitt,guanto da forno
cooking time,tempo di cottura
to preheat,preriscaldare
medium heat,fuoco medio
low heat,fuoco basso
high heat,fuoco alto
to succeed,riuscire / avere successo
to fail,fallire
to achieve,raggiungere / ottenere
to accomplish,realizzare
to attempt,tentare
to manage to,riuscire a
to depend on,dipendere da
to belong to,appartenere a
to occur,accadere / verificarsi
to last,durare
to result in,risultare in
to refer to,riferirsi a
to deal with,occuparsi di
to focus on,concentrarsi su
to give up,arrendersi / rinunciare
to keep going,andare avanti / continuare
to slow down,rallentare
to look forward to,non vedere l'ora di
to point out,far notare
to make up (invent),inventare
to carry out,eseguire
to set up,allestire / configurare
to put off,rimandare
to come back,tornare indietro
to go out,uscire
to give back,restituire
to throw away,buttare via
to pick up (collect),raccogliere
to pick up (fetch),passare a prendere
to turn on,accendere
to turn off,spegnere
to charge (device),ricaricare
to argue (fight),litigare
to insist,insistere
to hesitate,esitare
to admit,ammettere
to deny,negare
to hide (something),nascondere
to reveal,rivelare
to pretend,fingere
to exaggerate,esagerare
to realize (understand),rendersi conto
to assume,supporre
to handle,gestire / maneggiare
to wrap,avvolgere
to unwrap,scartare
to pack (suitcase),fare le valigie
to unpack,disfare le valigie
to inspect,ispezionare
to observe,osservare
to reflect on,riflettere su
to meditate,meditare
to entertain,intrattenere
to amuse,divertire
to impress,impressionare
to disappoint,deludere
to satisfy,soddisfare
to annoy,infastidire / scocciare
to comfort,confortare
to warn,avvertire
to obey,obbedire
to trust,fidarsi di
to doubt,dubitare
to suspect,sospettare
to prove,dimostrare
to challenge,sfidare
to sign (document),firmare
to submit,presentare / consegnare
to register / sign up,registrarsi / iscriversi
to unsubscribe,disiscriversi
to log in,accedere / fare il login
to log out,disconnettersi
to reset,reimpostare / resettare
to drag,trascinare
to zoom in,ingrandire
to zoom out,rimpicciolire
to copy,copiare
to paste,incollare
to undo,annullare
to select,selezionare
to highlight,evidenziare
to export,esportare
to import,importare
to attach (file),allegare
to detach,staccare
to share (post),condividere / pubblicare
to like (social media),mettere mi piace
to follow (account),seguire
to unfollow,smettere di seguire
to block (user),bloccare
to report (content),segnalare
to tag (person),taggare
to go through,attraversare / esaminare
to get over,superare / riprendersi da
to run out of,esaurire / finire
to make sure,assicurarsi
to be worth,valere la pena
to take turns,fare a turno
to make the most of,sfruttare al massimo
to pull over (car),accostare
to break down (car),guastarsi
to fill up (fuel),fare il pieno
to run a red light,passare col rosso
to give way,dare la precedenza
meanwhile,nel frattempo
nonetheless,nondimeno
thus,così / dunque
hence,perciò
yet (but),eppure
still (even now),ancora / tuttora
eventually,alla fine
constantly,costantemente
frequently,frequentemente
barely,a malapena
merely,semplicemente
roughly,all'incirca
mostly,per lo più
entirely,interamente
partly,in parte
largely,in gran parte
somewhat,in qualche misura
deeply,profondamente
strongly,fortemente
obviously,ovviamente
possibly,possibilmente
somehow,in qualche modo
instead,invece
at first,all'inizio
at last,finalmente
in fact,in realtà / infatti
in general,in generale
in particular,in particolare
in short,in breve
for instance,per esempio
as well as,così come / nonché
furthermore,inoltre / per di più
besides (furthermore),per di più / inoltre
consequently,di conseguenza
due to,a causa di
in spite of,nonostante
regarding,riguardo a
concerning,riguardante
on behalf of,a nome di
throughout,durante / in tutto
whereas,mentre / laddove
both...and,sia...che
neither...nor,né...né
either...or,o...o
not only...but also,non solo...ma anche
as if,come se
no matter what,qualunque cosa
whenever,ogni volta che
wherever,ovunque / dovunque
whoever,chiunque
whatever,qualunque / qualsiasi
the more...the more,più...più
the less...the more,meno...più
ago,fa
yet (in questions),già / ancora
by now,ormai
right away,subito
right now,adesso / subito
for now,per ora
so far,finora
up to now,fino ad ora
every other day,ogni due giorni
once in a while,ogni tanto
in the end,alla fine
after all,dopotutto
in any case,in ogni caso
in any event,in ogni caso
at any rate,in ogni caso
as usual,come al solito
as always,come sempre
for once,per una volta
by accident,per caso
luckily,fortunatamente
surprisingly,sorprendentemente
honestly (frankly),onestamente / francamente
seriously,seriamente / davvero
literally,letteralmente
personally,personalmente
officially,ufficialmente
technically,tecnicamente
basically,fondamentalmente
relatively,relativamente
absolutely,assolutamente
completely,completamente
generally,generalmente
normally,normalmente
actually (in reality),in realtà
as for,quanto a / per quanto riguarda
that is to say,cioè
at all,affatto
after that,dopo di che / poi
before that,prima di ciò
having said that,detto ciò
in conclusion,in conclusione
wise,saggio
cruel,crudele
hardworking,lavoratore / diligente
dishonest,disonesto
greedy,avaro / avido
humble,umile
jealous,geloso
envious,invidioso
grateful,grato / riconoscente
satisfied,soddisfatto
disappointed,deluso
calm,calmo
nervous,nervoso / agitato
proud,orgoglioso
witty,spiritoso
charming,affascinante
trustworthy,affidabile / fidato
sincere,sincero
arrogant,arrogante
modest,modesto
cheerful,allegro
optimistic,ottimista
pessimistic,pessimista
determined,determinato
competitive,competitivo
cooperative,cooperativo
available,disponibile
suitable,adatto / idoneo
responsible,responsabile
professional,professionale
recent,recente
current,attuale / corrente
previous,precedente
following,seguente
entire,intero
various,vari / diversi
certain,certo
obvious,ovvio
perfect,perfetto
wrong,sbagliato
direct,diretto
indirect,indiretto
public,pubblico
private,privato
cooked,cotto
fresh (not stale),fresco
soft (not hard),morbido
hard / firm,duro
light (not heavy),leggero
shallow,poco profondo
sharp (blade),affilato
dull (not sharp),spuntato
plain / simple,semplice / liscio
fancy / elaborate,elegante / elaborato
talented,talentuoso
skilled,esperto / abile
uneducated,poco istruito
fluent,fluente
basic (level),basilare / elementare
advanced,avanzato
intermediate,intermedio
complicated,complicato
straightforward,semplice / diretto
strict,severo / rigido
lenient,indulgente
fair (just),giusto / equo
unfair,ingiusto
legal,legale
illegal,illegale
official,ufficiale
unofficial,non ufficiale
genuine,autentico / genuino
fake,falso / contraffatto
practical,pratico
theoretical,teorico
physical,fisico
mental,mentale
emotional,emotivo
rational,razionale
logical,logico
original,originale
ordinary,ordinario / comune
extraordinary,straordinario
typical,tipico
unusual,insolito
rare,raro
unique,unico
global,globale
local,locale
national,nazionale
international,internazionale
foreign,straniero
domestic,domestico / nazionale
urban,urbano
rural,rurale
remote,remoto / isolato
central,centrale
peripheral,periferico
upper,superiore
lower,inferiore
inner,interiore
outer,esteriore
horizontal,orizzontale
vertical,verticale
analogue,analogico
automatic,automatico
manual,manuale
portable,portatile
wireless,wireless / senza fili
waterproof,impermeabile
fireproof,ignifugo
handmade,fatto a mano
homemade,fatto in casa
organic,biologico / organico
natural,naturale
artificial,artificiale
synthetic,sintetico
renewable,rinnovabile
toxic,tossico
harmless,innocuo
edible,commestibile
inedible,non commestibile
pregnant,incinta
single (unmarried),single / celibe (m) / nubile (f)
widowed,vedovo/a
retired,pensionato
unemployed,disoccupato
self-employed,lavoratore autonomo / libero professionista
part-time,part-time
full-time,a tempo pieno
cousin,cugino / cugina
fiancé,fidanzato
fiancée,fidanzata
stepbrother,fratellastro
stepsister,sorellastra
half-brother,fratellastro
half-sister,sorellastra
godson,figlioccio
goddaughter,figlioccia
father-in-law,suocero
mother-in-law,suocera
brother-in-law,cognato
sister-in-law,cognata
son-in-law,genero
daughter-in-law,nuora
twin,gemello / gemella
triplet,trigemino
only child,figlio unico
eldest child,figlio maggiore
youngest child,figlio minore
middle child,figlio di mezzo
ex-husband,ex marito
ex-wife,ex moglie
partner (life),compagno / compagna
spouse,coniuge
widow,vedova
widower,vedovo
orphan,orfano / orfana
guardian,tutore / tutrice
adopted child,figlio adottivo
foster child,figlio in affidamento
ancestor,antenato
descendant,discendente
relative,parente
distant relative,parente lontano
immediate family,famiglia stretta
extended family,famiglia allargata
family reunion,riunione di famiglia
family tree,albero genealogico
acquaintance,conoscente
colleague,collega
neighbour,vicino di casa
flatmate,coinquilino / coinquilina
best friend,migliore amico/a
close friend,amico/a intimo/a
childhood friend,amico/a d'infanzia
pen pal,amico/a di penna
mentor,mentore
protégé,protetto/a
rival,rivale
enemy,nemico / nemica
to date (someone),uscire con / frequentare
to break up,lasciarsi
to get back together,tornare insieme
to get engaged,fidanzarsi
to get married,sposarsi
to get divorced,divorziare
to adopt,adottare
relationship,relazione
long-distance relationship,relazione a distanza
love at first sight,colpo di fulmine
to be in love,essere innamorato/a
to fall out of love,smettere di amare
double,doppio
triple,triplo
quadruple,quadruplo
plus,più
minus,meno
multiplied by,moltiplicato per
divided by,diviso per
equals,uguale a / fa
percentage,percentuale
fraction,frazione
decimal,decimale
square root,radice quadrata
power / exponent,potenza
square (of a number),quadrato
cube (of a number),cubo
average,media
sum,somma
quotient,quoziente
odd number,numero dispari
even number,numero pari
prime number,numero primo
digit,cifra
calculation,calcolo
equation,equazione
formula,formula
graph,grafico
statistics,statistica
probability,probabilità
ratio,rapporto / proporzione
increase (noun),aumento
decrease (noun),diminuzione
total,totale
subtotal,subtotale
gross,lordo
net,netto
approximately (adv.),circa / all'incirca
exactly (adv.),esattamente
at least (adv.),almeno
at most (adv.),al massimo
more than,più di
less than,meno di
as much as,quanto
twice as much,il doppio di
every other,ogni altro/a
per capita,pro capite
per cent,per cento
to add up,sommare
to subtract,sottrarre
to multiply,moltiplicare
to divide,dividere
to round up,arrotondare per eccesso
to round down,arrotondare per difetto
to round off,arrotondare
jaw,mascella
gum (teeth),gengiva
armpit,ascella
palm,palmo
fingernail,unghia
breast,seno / petto
belly button,ombelico
groin,inguine
thigh,coscia
shin,stinco
toenail,unghia del piede
sole (of foot),pianta del piede
bladder,vescica
intestine,intestino
colon,colon
joint,articolazione
tendon,tendine
ligament,legamento
artery,arteria
spinal cord,midollo spinale
skull,cranio
blood type,gruppo sanguigno
body temperature,temperatura corporea
to take one's temperature,misurare la temperatura
to take one's blood pressure,misurare la pressione
swollen,gonfio
bruised,ammaccato / livido
sprained,slogato
fractured,fratturato
infected,infetto
inflamed,infiammato
chronic,cronico
acute,acuto
mild (illness),lieve
severe (illness),grave
contagious,contagioso
immune,immune
vaccinated,vaccinato
cramp,crampo
spasm,spasmo
itch,prurito
blister,vescica
scar,cicatrice
lump / bump,gonfiore / protuberanza
to itch,prudere
to bleed,sanguinare
to swell,gonfiarsi
to heal,guarire / cicatrizzare
to recover,riprendersi / guarire
plaster / band-aid,cerotto
stitches,punti di sutura
sling,benda a tracolla
cast (plaster),gesso
brace (support),tutore
drip / IV,flebo
urine test,analisi delle urine
ultrasound,ecografia
MRI,risonanza magnetica
CT scan,TAC
biopsy,biopsia
operation (surgery),operazione
anaesthesia,anestesia
recovery room,sala di risveglio
intensive care,terapia intensiva
ward,reparto
outpatient,paziente ambulatoriale
inpatient,paziente ricoverato
waiting list,lista d'attesa
appointment (medical),visita / appuntamento
to book an appointment,prenotare una visita
specialist,specialista
surgeon,chirurgo
cardiologist,cardiologo
dermatologist,dermatologo
neurologist,neurologo
orthopaedist,ortopedico
physiotherapist,fisioterapista
psychiatrist,psichiatra
nutritionist,nutrizionista
midwife,ostetrica
paramedic,paramedico
nursery school,asilo nido
kindergarten,scuola materna
middle school,scuola media
postgraduate,post-laurea
PhD,dottorato di ricerca
dissertation,dissertazione
academic year,anno accademico
term / trimester,trimestre
tutorial,esercitazione
assignment,compito / elaborato
coursework,lavoro del corso
grade / mark,voto
to grade,valutare / dare un voto
pass grade,sufficienza
fail grade,insufficienza
to pass (exam),passare / superare
to fail (exam),non superare / bocciare
resit / retake,esame di riparazione
multiple choice,scelta multipla
presentation (school),presentazione
bibliography,bibliografia
footnote,nota a piè di pagina
index (book),indice
syllabus,programma del corso
grant,sovvenzione
student loan,prestito studentesco
exchange student,studente in scambio
classmate,compagno/a di classe
headmaster/headmistress,preside
lecturer,docente
teaching assistant,assistente didattico
librarian,bibliotecario/a
school counsellor,consulente scolastico
timetable / schedule,orario
break time,intervallo
to revise / to review,ripassare
to take notes,prendere appunti
to look something up,cercare / consultare
to hand in,consegnare
to hand out,distribuire
to set homework,assegnare i compiti
to copy (cheat),copiare
to enrol,iscriversi
to drop out,abbandonare gli studi
curriculum vitae / CV,curriculum vitae
degree certificate,diploma di laurea
transcript,pagella / libretto universitario
bonus,bonus / premio
raise / pay rise,aumento di stipendio
payslip,busta paga
payroll,libro paga
job interview,colloquio di lavoro
job offer,offerta di lavoro
job description,descrizione del lavoro
job title,titolo di lavoro
cover letter,lettera di presentazione
reference,referenza
probation period,periodo di prova
notice period,periodo di preavviso
redundancy / layoff,licenziamento / esubero
resignation,dimissioni
to resign,dimettersi
to be laid off,essere licenziato
demotion,retrocessione
supervisor,supervisore
subordinate,subordinato
intern / trainee,stagista / tirocinante
apprentice,apprendista
volunteer,volontario/a
employer,datore di lavoro
staff,personale
board of directors,consiglio di amministrazione
CEO,amministratore delegato
CFO,direttore finanziario
HR department,dipartimento risorse umane
IT department,reparto informatico
headquarters,sede centrale
branch office,filiale
meeting room,sala riunioni
conference call,videoconferenza / chiamata
agenda,ordine del giorno
minutes (of meeting),verbale
expense,spesa
revenue,entrate / ricavi
loss (financial),perdita
turnover,fatturato
return on investment,ritorno sull'investimento
shareholders,azionisti
stakeholders,parti interessate
client,cliente
supplier,fornitore
acquisition,acquisizione
business plan,piano aziendale
market share,quota di mercato
target market,mercato di riferimento
trademark,marchio registrato
copyright,diritto d'autore
patent,brevetto
regulation,regolamento
compliance,conformità
audit,revisione contabile / audit
tax return,dichiarazione dei redditi
to invoice,fatturare
to outsource,esternalizzare
to downsize,ridurre il personale
to scale up,espandersi
to launch a product,lanciare un prodotto
to go bankrupt,fallire / andare in bancarotta
studio flat,monolocale
one-bedroom flat,bilocale
penthouse,attico
terrace house,casa a schiera
semi-detached house,casa bifamiliare
detached house,casa indipendente
farmhouse,cascina / casolare
cottage,villetta / casetta
mansion,villa / palazzo
block of flats,condominio
floor (storey),piano
ground floor,piano terra
basement,seminterrato / cantina
floor (surface),pavimento
door handle,maniglia
intercom,citofono
padlock,lucchetto
shutter,tapparella
blind (window),tenda veneziana
rug / carpet,tappeto
tile,piastrella
wooden floor,parquet
wallpaper,carta da parati
socket (electrical),presa elettrica
switch (light),interruttore
fuse,fusibile
fuse box,quadro elettrico
radiator,termosifone / radiatore
boiler,caldaia
air conditioner,condizionatore d'aria
ventilation,ventilazione
water heater,scaldabagno
water meter,contatore dell'acqua
electricity meter,contatore della luce
gas meter,contatore del gas
pipe,tubo
tap,rubinetto
drain,scarico
blocked drain,scarico intasato
painter (house),imbianchino
glazier,vetraio
landlord,proprietario / locatore
tenant,inquilino / locatario
rent (noun),affitto
deposit,caparra / deposito
lease / rental agreement,contratto di affitto
utilities,utenze
building manager,amministratore di condominio
block association,condominio
communal area,parti comuni
removal van,furgone del trasloco
storage unit,box / magazzino
coffee table,tavolino da caffè
chest of drawers,cassettiera
bedside table,comodino
bunk bed,letto a castello
cot / crib,culla
highchair,seggiolone
changing table,fasciatoio
stool,sgabello
bench (furniture),panca
footstool,poggiapiedi
picture frame,cornice
vase,vaso
candle,candela
chandelier,lampadario
spotlight,faretto
clock (wall),orologio da parete
coat rack,attaccapanni
umbrella stand,portaombrelli
doormat,zerbino
welcome mat,tappetino
toilet paper,carta igienica
soap dish,portasapone
towel rail,portasciugamani
bathmat,tappetino da bagno
shower curtain,tenda da doccia
shower head,soffione
bath / bathtub,vasca da bagno
jacuzzi,vasca idromassaggio
medicine cabinet,armadietto dei medicinali
toothbrush holder,portaspazzolino
plunger,sturalavandini
toilet brush,scopino
tumble dryer,asciugatrice
fridge,frigorifero
freezer,congelatore
hob / stovetop,piano cottura
extractor fan,cappa
coffee maker,macchina del caffè
juicer,centrifuga / spremiagrumi
scales (kitchen),bilancia da cucina
tin opener,apriscatole
bottle opener,cavatappi / apribottiglie
corkscrew,cavatappi
peeler,pela-patate
mixing bowl,ciotola
baking dish,pirofila
tupperware / food container,contenitore per alimenti
cling film,pellicola trasparente
aluminium foil,carta stagnola
baking paper,carta forno
bin bag,sacchetto per la spazzatura
motorway / highway,autostrada
ring road,tangenziale
bypass,variante / circonvallazione
pedestrian zone,zona pedonale
road sign,segnale stradale
toll booth,casello autostradale
driving licence,patente di guida
road tax,bollo auto
insurance (car),assicurazione auto
MOT / roadworthiness test,revisione
to fill up (petrol),fare il pieno
petrol / fuel,benzina
electric car,auto elettrica
charging point,colonnina di ricarica
breakdown service,soccorso stradale
spare tyre,ruota di scorta
flat tyre,gomma a terra
windscreen,parabrezza
windscreen wiper,tergicristallo
headlight,faro
indicator,freccia
rear-view mirror,specchietto retrovisore
dashboard,cruscotto
handbrake,freno a mano
clutch,frizione
gear,marcia
gearstick,cambio
boot / trunk,bagagliaio
bonnet / hood,cofano
underground / metro,metropolitana
suburban train,treno suburbano
high-speed train,treno ad alta velocità
sleeper train,treno notturno
platform (train),binario
carriage,vagone / carrozza
dining car,vagone ristorante
ticket machine,biglietteria automatica
departure lounge,sala partenze
arrivals hall,sala arrivi
check-in desk,banco del check-in
gate (airport),gate / uscita d'imbarco
hand luggage / carry-on,bagaglio a mano
hold luggage,bagaglio in stiva
excess baggage,bagaglio in eccesso
passport control,controllo passaporti
customs,dogana
duty-free,duty-free
terminal,terminal
runway,pista
taxiway,via di rullaggio
turbulence,turbolenza
life jacket,giubbotto di salvataggio
cruise ship,nave da crociera
harbour,porto
pier,molo
anchor,ancora
lighthouse,faro
cabin (ship),cabina
deck,ponte
life ring,salvagente
coastguard,guardia costiera
seasick,in preda al mal di mare
starter / appetiser,antipasto
main course,secondo piatto
side dish,contorno
set menu,menù fisso
à la carte,alla carta
house wine,vino della casa
draught beer,birra alla spina
still water,acqua naturale
tap water,acqua del rubinetto
ice cubes,cubetti di ghiaccio
straw,cannuccia
napkin,tovagliolo
tablecloth,tovaglia
cutlery,posate
fork,forchetta
spoon,cucchiaio
teaspoon,cucchiaino
soup spoon,cucchiaio da minestra
serving spoon,cucchiaio da portata
chopsticks,bastoncini
jug / pitcher,brocca / caraffa
glass (drinking),bicchiere
wine glass,calice
mug,tazza grande
cup and saucer,tazza e piattino
bowl,ciotola / scodella
plate,piatto
platter,vassoio
tray,vassoio
bread basket,cestino del pane
dipping sauce,salsa per intingere
dressing (salad),condimento
marinade,marinata
stock / broth,brodo
gravy,sugo di carne
herbs,erbe aromatiche
spices,spezie
basil,basilico
oregano,origano
thyme,timo
rosemary,rosmarino
sage,salvia
parsley,prezzemolo
mint,menta
chilli pepper,peperoncino
cinnamon,cannella
nutmeg,noce moscata
cloves,chiodi di garofano
vanilla,vaniglia
saffron,zafferano
turmeric,curcuma
cumin,cumino
paprika,paprika
bay leaf,alloro
ginger,zenzero
lemon zest,scorza di limone
aubergine / eggplant,melanzana
courgette / zucchini,zucchina
asparagus,asparago
leek,porro
celery,sedano
fennel,finocchio
turnip,rapa
radish,ravanello
beetroot,barbabietola
butternut squash,zucca
pumpkin,zucca
sweet potato,patata dolce
spring onion,cipollotto
shallot,scalogno
lentil,lenticchia
chickpea,cece
broad bean,fava
kidney bean,fagiolo rosso
sunflower seed,seme di girasole
pumpkin seed,seme di zucca
walnut,noce
almond,mandorla
hazelnut,nocciola
pistachio,pistacchio
cashew,anacardio
peanut,arachide
chestnut,castagna
fig,fico
pomegranate,melagrana
mango,mango
pineapple,ananas
papaya,papaia
passion fruit,frutto della passione
lychee,litchi
avocado,avocado
coconut,cocco
kiwi,kiwi
nectarine,nettarina
apricot,albicocca
blueberry,mirtillo
raspberry,lampone
blackberry,mora
gooseberry,uva spina
cranberry,mirtillo rosso
salmon,salmone
tuna,tonno
sardine,sardina
anchovy,acciuga
cod,merluzzo
trout,trota
sea bass,branzino
sea bream,orata
swordfish,pesce spada
prawn,gambero
squid,calamaro
mussel,cozza
clam,vongola
oyster,ostrica
scallop,capesante
lamb,agnello
veal,vitello
venison,cervo / cacciagione
goose,oca
mince / ground meat,carne macinata
steak,bistecca
fillet,filetto
wing,ala
drumstick,coscia
thigh (poultry),coscia
salami,salame
bacon,pancetta / bacon
lard,strutto
parmesan,parmigiano
ricotta,ricotta
gorgonzola,gorgonzola
brie,brie
goat's cheese,formaggio di capra
cream (dairy),panna
single cream,panna da cucina
double cream,panna da montare
sour cream,panna acida
condensed milk,latte condensato
buttermilk,latticello
tofu,tofu
tempeh,tempeh
seitan,seitan
wholemeal / whole wheat,integrale
rye,segale
oats,avena
semolina,semolino
polenta,polenta
couscous,cuscus
noodles,spaghetti / noodle
rice noodles,spaghetti di riso
sourdough,pane a lievitazione naturale
flatbread,pane piatto
cracker,cracker
breadstick,grissino
croissant,cornetto / croissant
doughnut,ciambella / donut
brownie,brownie
muffin,muffin
waffle,waffle
pancake,frittella / pancake
crêpe,crêpe
sorbet,sorbetto
semifreddo,semifreddo
panna cotta,panna cotta
americano,americano
latte,caffè latte
macchiato,macchiato
flat white,flat white
herbal tea,tisana / infuso
green tea,tè verde
chamomile,camomilla
hot chocolate,cioccolata calda
smoothie,frullato
milkshake,frappè / milkshake
iced tea,tè freddo
Barolo,Barolo
Amaretto,Amaretto
Grappa,Grappa
Limoncello,Limoncello
aperitif,aperitivo
digestif,digestivo
to chat,chiacchierare
to gossip,spettegolare
to joke,scherzare
to tease,prendere in giro
to flirt,flirtare
to compliment,fare un complimento
to insult,insultare
to swear (curse),bestemmiare / imprecare
to mumble,borbottare
to stutter,balbettare
to sigh,sospirare
to groan,gemere
to sob,singhiozzare
to burst out laughing,scoppiare a ridere
to burst into tears,scoppiare in lacrime
to have a bad time,passarsela male
to miss (someone/something),mancare a
I miss you,mi manchi
to get along with,andare d'accordo con
to fall out with,litigare con
to make up (reconcile),riconciliarsi
to forgive and forget,perdonare e dimenticare
to bear a grudge,serbare rancore
to hold a grudge,tenere il muso
to be upset,essere sconvolto / dispiaciuto
to be thrilled,essere entusiasta
to be overwhelmed,essere sopraffatto
to be embarrassed,essere imbarazzato
to be ashamed,vergognarsi
to be relieved,essere sollevato
to be bored,annoiarsi
to be fed up,essere stufo / essere a pezzi
to be nervous (anxious),essere ansioso / agitato
What a pity!,Che peccato!
What a shame!,Che vergogna!
What a surprise!,Che sorpresa!
That's amazing!,È incredibile!
That's terrible!,È terribile!
Fingers crossed!,In bocca al lupo! / Incrocia le dita!
Touch wood!,Tocca ferro!
Good riddance!,Finalmente!
It serves you right!,Te lo sei meritato!
Better safe than sorry.,Meglio prevenire che curare.
Every cloud has a silver lining.,Non tutto il male vien per nuocere.
You're welcome!,Prego!
I don't care.,Non mi importa. / Me ne frego.
I couldn't care less.,Non potrei importarmene di meno.
Take it easy.,Prendila con calma.
Relax!,Rilassati!
Don't worry.,Non preoccuparti.
It'll be fine.,Andrà tutto bene.
Hang in there!,Tieni duro!
Keep it up!,Continua così!
Happy anniversary!,Buon anniversario!
Happy Easter!,Buona Pasqua!
Safe travels!,Buon viaggio!
Bon appétit!,Buon appetito!
Welcome!,Benvenuto/a!
bar code,codice a barre
exchange (shop),cambio merce
return policy,politica di reso
sale / clearance,saldi
voucher / coupon,buono sconto / voucher
gift card,buono regalo
loyalty card,carta fedeltà
membership card,tessera
to try on,provarsi
size (clothing),taglia
size (shoes),numero
medium (size),medio / taglia M
large,grande / taglia L
extra large,extra large / taglia XL
in stock,disponibile / in magazzino
out of stock,esaurito
to order online,ordinare online
delivery,consegna
express delivery,consegna express
free shipping,spedizione gratuita
tracking number,numero di tracciamento
to track a parcel,tracciare un pacco
to pay in instalments,pagare a rate
debit card,carta di debito
contactless payment,pagamento contactless
PIN,PIN / codice segreto
bank transfer,bonifico bancario
standing order,addebito diretto / bonifico ricorrente
bank statement,estratto conto
balance (bank),saldo
overdraft,scoperto
interest rate,tasso d'interesse
mortgage,mutuo
installment,rata
savings account,conto di risparmio
current account,conto corrente
ATM / cash machine,bancomat / sportello automatico
to withdraw money,prelevare
to deposit money,versare / depositare
currency,valuta
to change money,cambiare valuta
commission fee,commissione
global warming,riscaldamento globale
greenhouse gas,gas serra
fossil fuel,combustibile fossile
pollution,inquinamento
air pollution,inquinamento atmosferico
water pollution,inquinamento idrico
noise pollution,inquinamento acustico
deforestation,deforestazione
reforestation,rimboschimento
habitat,habitat
endangered species,specie in via di estinzione
extinction,estinzione
conservation,conservazione
recycling,riciclaggio
composting,compostaggio
landfill,discarica
waste management,gestione dei rifiuti
plastic waste,rifiuti plastici
organic waste,rifiuti organici
carbon dioxide,anidride carbonica
oxygen,ossigeno
nitrogen,azoto
hydrogen,idrogeno
tsunami,tsunami
hurricane,uragano
typhoon,tifone
tornado,tornado
avalanche,valanga
landslide,frana
wildfire,incendio boschivo
eruption,eruzione
tidal wave,onda di marea
blizzard,bufera di neve
hailstorm,grandinata
thunderstorm,temporale
to sort waste,fare la raccolta differenziata
to reduce,ridurre
to reuse,riutilizzare
eco-friendly,ecologico / rispettoso dell'ambiente
zero waste,zero rifiuti
carbon neutral,a emissioni zero
biodegradable,biodegradabile
compostable,compostabile
ozone layer,strato di ozono
acid rain,pioggia acida
smartwatch,smartwatch
smart TV,smart TV
gaming console,console per videogiochi
headphones,cuffie
earphones / earbuds,auricolari
speaker (device),altoparlante / cassa
webcam,webcam
monitor,monitor
scanner,scanner
USB stick,chiavetta USB
hard drive,hard disk
SSD,SSD
RAM,RAM
CPU / processor,processore
graphics card,scheda grafica
hardware,hardware
application / app,applicazione / app
browser,browser
search engine,motore di ricerca
cloud storage,archiviazione cloud
backup,backup
zip file,file compresso
to unzip,decomprimere
to compress,comprimere
firewall,firewall
antivirus,antivirus
malware,malware
hacker,hacker
phishing,phishing
spam,spam
pop-up,pop-up
cache,cache
bandwidth,larghezza di banda
server,server
4G / 5G,4G / 5G
hotspot,hotspot
router,router
ethernet cable,cavo ethernet
streaming service,servizio di streaming
podcast,podcast
to podcast,fare un podcast
blog,blog
vlog,vlog
influencer,influencer
content creator,creatore di contenuti
follower,follower
profile,profilo
newsfeed,feed di notizie
mention,menzione
hashtag,hashtag
trending,di tendenza
to go viral,diventare virale
meme,meme
screenshot,screenshot / schermata
to screenshot,fare uno screenshot
selfie,selfie
digital photo,foto digitale
to edit (photo),modificare / ritoccare
filter (photo),filtro
resolution,risoluzione
pixel,pixel
megapixel,megapixel
online shopping,acquisti online
checkout (online),pagamento / checkout
two-factor authentication,autenticazione a due fattori
profile picture,foto profilo
to mute,silenziare
to unmute,riattivare il microfono
to share screen,condividere lo schermo
live (broadcast),in diretta
replay,replay
subtitle,sottotitolo
dubbed,doppiato
original language version,versione originale
remote work,lavoro da remoto / smart working
to work from home,lavorare da casa
hybrid work,lavoro ibrido
coworking space,spazio di coworking
to be hungry,avere fame
to be thirsty,avere sete
to be cold (person),avere freddo
to be hot (person),avere caldo
to be sleepy,avere sonno
to be afraid,avere paura
to be ashamed (idiomatic),avere vergogna
to be careful,fare attenzione / stare attento
to be in a hurry,avere fretta
to feel like,avere voglia di
to make sense,avere senso
it makes sense,ha senso
to be about to,stare per
to be used to,essere abituato a
to be on time,essere puntuale / in orario
to be early,essere in anticipo
to take long,metterci tanto
to be worth it,valerne la pena
to make an effort,fare uno sforzo
to make a call,fare una telefonata
to make a reservation,fare una prenotazione
to make a difference,fare la differenza
to take an exam,sostenere un esame
to take a seat,accomodarsi
to give a hand,dare una mano
to give a lift / ride,dare un passaggio
to pay a visit,fare una visita
to change one's mind,cambiare idea
to lose track of time,perdere il conto del tempo
to keep in mind,tenere a mente
to keep one's word,mantenere la parola
to run into someone,incontrare qualcuno per caso
to come in handy,tornare utile
to cut corners,tagliare le spese / fare le cose a metà
to burn bridges,bruciare i ponti
to break the ice,rompere il ghiaccio
to give the benefit of the doubt,dare il beneficio del dubbio
the last straw,l'ultima goccia
to face the music,affrontare le conseguenze
to see eye to eye,essere d'accordo / andare d'accordo
to turn a blind eye,chiudere un occhio
to stab in the back,pugnalare alle spalle
to have second thoughts,avere dei ripensamenti
to be on the fence,essere indeciso
to get the ball rolling,dare il via alle cose
to take something with a grain of salt,prendere con le pinze
rugby,rugby
handball,pallamano
water polo,pallanuoto
badminton,badminton
table tennis,ping pong / tennis tavolo
squash,squash
golf,golf
weightlifting,sollevamento pesi
wrestling,lotta
judo,judo
karate,karate
taekwondo,taekwondo
fencing,scherma
ice skating,pattinaggio sul ghiaccio
figure skating,pattinaggio artistico
ice hockey,hockey su ghiaccio
rock climbing,arrampicata
surfing,surf
windsurfing,windsurf
kitesurfing,kitesurf
kayaking,kayak
diving (scuba),immersione subacquea
skydiving,paracadutismo
bungee jumping,bungee jumping
paragliding,parapendio
motor racing,automobilismo
motorcycle racing,motociclismo
triathlon,triathlon
marathon,maratona
sprint,sprint
relay race,staffetta
long jump,salto in lungo
high jump,salto in alto
pole vault,salto con l'asta
hurdles,corsa a ostacoli
shot put,getto del peso
discus throw,lancio del disco
javelin throw,lancio del giavellotto
player,giocatore/giocatrice
coach,allenatore/allenatrice
referee,arbitro
tournament,torneo
championship,campionato
league,campionato / lega
match,partita
game,partita / gioco
score,punteggio
point,punto
penalty,rigore / penalità
free kick,calcio di punizione
corner kick,calcio d'angolo
offside,fuorigioco
yellow card,cartellino giallo
red card,cartellino rosso
injury time,recupero
extra time,tempo supplementare
penalty shootout,rigori
draw / tie,pareggio
half-time,intervallo / fine primo tempo
to score a goal,segnare un goal
to win (a match),vincere
to lose (a match),perdere
to play (sport),giocare a
to train,allenarsi
to warm up,riscaldarsi
to cool down,defaticarsi
to stretch,fare stretching
to foul,commettere un fallo
personal record / PB,record personale
medal,medaglia
trophy,trofeo
podium,podio
gold medal,medaglia d'oro
silver medal,medaglia d'argento
bronze medal,medaglia di bronzo
pitch / field,campo
court (tennis),campo da tennis
pool (swimming),piscina
track (athletics),pista
changing room,spogliatoio
locker,armadietto
shower (sports),docce
painting (hobby),pittura
drawing (hobby),disegno
sculpting,scultura
pottery,ceramica
crocheting,uncinetto
sewing,cucito
embroidery,ricamo
woodworking,falegnameria
DIY / home improvement,fai da te
cooking (hobby),cucina / cucinare
baking (hobby),dolci / pasticceria
wine tasting,degustazione di vino
reading (hobby),lettura
writing (hobby),scrittura
journaling,tenere un diario
calligraphy,calligrafia
origami,origami
model making,modellismo
collecting (hobby),collezionismo
stamp collecting,filatelia
coin collecting,numismatica
birdwatching,birdwatching / osservazione degli uccelli
astronomy (hobby),astronomia
stargazing,osservazione delle stelle
fishing,pesca
hunting,caccia
camping,campeggio
board games,giochi da tavolo
card games,giochi di carte
video games,videogiochi
puzzles,puzzle / rompicapi
crossword,cruciverba
sudoku,sudoku
music (hobby),musica
singing (hobby),canto
flute,flauto
trumpet,tromba
saxophone,sassofono
to play an instrument,suonare uno strumento
dancing (hobby),danza / ballo
pilates,pilates
running (hobby),corsa / running
cycling (hobby),ciclismo
swimming (hobby),nuoto
walking (hobby),camminare
documentary,documentario
short film,cortometraggio
animated film,film d'animazione
action film,film d'azione
comedy (film),commedia
drama (film),dramma
thriller,thriller
horror film,film horror
romance film,film romantico
science fiction,fantascienza
fantasy (genre),fantasy
biography,biografia
historical film,film storico
screenplay,sceneggiatura
producer,produttore
cast,cast
special effects,effetti speciali
soundtrack,colonna sonora
box office,botteghino
premiere,prima
screening,proiezione
art house cinema,cinema d'essai
streaming (film),streaming
to stream a film,guardare in streaming
TV series,serie TV
season,stagione
series finale,finale di serie
spin-off,spin-off
remake,remake
soap opera,soap opera
reality show,reality show
talk show,talk show
game show,quiz / gioco televisivo
news (TV),telegiornale
channel,canale
to broadcast,trasmettere
to air,andare in onda
to binge-watch,fare binge-watching
cliffhanger,colpo di scena finale
plot,trama
subplot,sottotrama
character,personaggio
protagonist,protagonista
antagonist,antagonista
supporting character,personaggio secondario
narrator,narratore
plot twist,colpo di scena
ending,finale
sequel,sequel
prequel,prequel
trilogy,trilogia
saga,saga
novel,romanzo
short story,racconto
poem,poesia
playwright,drammaturgo
play (theatre),opera teatrale
musical (theatre),musical
ballet,balletto
orchestra,orchestra
choir,coro
recital,recital
album,album
EP,EP
lyrics,testi / parole
melody,melodia
rhythm,ritmo
genre (music),genere musicale
pop music,musica pop
rock,rock
jazz,jazz
hip hop,hip hop
electronic music,musica elettronica
folk music,musica folk
reggae,reggae
soul,soul
R&B,R&B
country music,musica country
punk,punk
indie,indie
blues,blues
band,band / gruppo musicale
soloist,solista
composer,compositore
exhibition,mostra / esposizione
artwork,opera d'arte
painting (artwork),dipinto / quadro
sculpture,scultura
installation,installazione
portrait,ritratto
landscape (painting),paesaggio
still life,natura morta
abstract,astratto
contemporary art,arte contemporanea
impressionism,impressionismo
surrealism,surrealismo
modernism,modernismo
postmodernism,postmodernismo
curator,curatore
catalogue,catalogo
opening (exhibition),inaugurazione
architecture,architettura
design,design / progettazione
interior design,design d'interni
fashion,moda
haute couture,alta moda
ready-to-wear,prêt-à-porter
fashion week,settimana della moda
catwalk / runway,passerella
model (fashion),modello / modella
stylist,stilista
designer (fashion),stilista / designer
vintage (clothing),vintage
second-hand,di seconda mano
republic,repubblica
monarchy,monarchia
dictatorship,dittatura
government,governo
senate,senato
prime minister,primo ministro
president,presidente
minister,ministro
minister of finance,ministro dell'economia
opposition,opposizione
coalition,coalizione
left-wing,di sinistra
right-wing,di destra
centre,centro
political party,partito politico
ideology,ideologia
conservative,conservatore
progressive,progressista
liberal,liberale
socialist,socialista
communist,comunista
nationalist,nazionalista
populist,populista
to vote,votare
voter,elettore / elettrice
candidate,candidato / candidata
campaign,campagna elettorale
ballot,scheda elettorale
polling station,seggio elettorale
majority,maggioranza
minority,minoranza
referendum,referendum
bill (law),disegno di legge
decree,decreto
court,tribunale / corte
lawyer,avvocato
prosecutor,pubblico ministero
verdict,verdetto
sentence (legal),condanna
to sue,fare causa
to appeal,fare appello
crime,crimine / reato
criminal,criminale
victim,vittima
suspect,sospettato
witness,testimone
alibi,alibi
evidence,prova / evidenza
investigation,indagine
arrest,arresto
to arrest,arrestare
prison,prigione / carcere
sentence (prison),pena
fine (penalty),multa
probation,libertà vigilata
parole,libertà condizionale
civil rights,diritti civili
freedom of speech,libertà di parola
freedom of press,libertà di stampa
censorship,censura
demonstration,manifestazione
strike (workers),sciopero
to strike,scioperare
activist,attivista
NGO,ONG
charity,ente benefico
donation,donazione
welfare,welfare / stato sociale
social security,previdenza sociale
unemployment benefit,sussidio di disoccupazione
healthcare system,sistema sanitario
public health,sanità pubblica
emigration,emigrazione
refugee,rifugiato / profugo
asylum seeker,richiedente asilo
customs officer,doganiere
racism,razzismo
sexism,sessismo
diversity,diversità
inclusion,inclusione
minority group,gruppo minoritario
social class,classe sociale
middle class,classe media
working class,classe operaia
upper class,classe alta
census,censimento
statistics (social),statistiche
population,popolazione
birth rate,tasso di natalità
death rate,tasso di mortalità
life expectancy,aspettativa di vita
urbanisation,urbanizzazione
rural area,zona rurale
study,studio
finding,risultato / scoperta
evidence (scientific),evidenza / prova
peer review,revisione tra pari
publication,pubblicazione
journal (academic),rivista scientifica
abstract (paper),abstract / riassunto
methodology,metodologia
sample,campione
variable,variabile
control group,gruppo di controllo
experiment group,gruppo sperimentale
data analysis,analisi dei dati
to analyse,analizzare
to observe (science),osservare
to prove (science),dimostrare / provare
to replicate,replicare
accuracy,accuratezza / precisione
precision,precisione
error margin,margine di errore
bias,bias / distorsione
correlation,correlazione
causation,causalità
significant (stats),significativo
mathematics,matematica
geometry,geometria
algebra,algebra
calculus,calcolo
statistics (science),statistica
astronomy,astronomia
astrophysics,astrofisica
geology,geologia
ecology,ecologia
botany,botanica
zoology,zoologia
microbiology,microbiologia
genetics,genetica
neuroscience,neuroscienze
psychology,psicologia
sociology,sociologia
anthropology,antropologia
philosophy,filosofia
ethics (academic),etica
economics,economia
linguistics,linguistica
literature,letteratura
archaeology,archeologia
political science,scienze politiche
law (academic),giurisprudenza
medicine (academic),medicina
engineering,ingegneria
architecture (academic),architettura
computer science,informatica
information technology,tecnologia dell'informazione
element,elemento
compound,composto
ion,ione
electron,elettrone
proton,protone
neutron,neutrone
nucleus,nucleo
chemical reaction,reazione chimica
acid,acido
base (chemistry),base
solvent,solvente
catalyst,catalizzatore
mass,massa
weight (physics),peso
force,forza
velocity,velocità
acceleration,accelerazione
frequency,frequenza
wavelength,lunghezza d'onda
voltage,tensione
resistance,resistenza
circuit,circuito
magnetic field,campo magnetico
radioactive,radioattivo
radiation,radiazione
chromosome,cromosoma
tissue,tessuto
organ,organo
organism,organismo
natural selection,selezione naturale
mutation,mutazione
respiration (biology),respirazione
digestion,digestione
metabolism,metabolismo
temperature (weather),temperatura
humidity,umidità
forecast,previsioni del tempo
weather report,bollettino meteorologico
barometer,barometro
meteorology,meteorologia
meteorologist,meteorologo
degrees Celsius,gradi Celsius
degrees Fahrenheit,gradi Fahrenheit
wind speed,velocità del vento
wind direction,direzione del vento
gust,raffica
breeze,brezza
gale,tempesta di vento
sleet,pioggia mista a neve
drizzle,pioggerella
dew,rugiada
mist,nebbia leggera / foschia
sunbeam,raggio di sole
sunset,tramonto
sunrise,alba
overcast,coperto
partly cloudy,parzialmente nuvoloso
clear sky,cielo sereno
heat wave,ondata di caldo
cold snap,ondata di freddo
mild weather,tempo mite
humid,umido
dry (weather),secco
muggy,afoso
chilly,fresco / freddo
freezing,gelido
scorching,torrido
autumn / fall,autunno
monsoon,monsone
tropical,tropicale
subtropical,subtropicale
temperate,temperato
Mediterranean climate,clima mediterraneo
continental climate,clima continentale
arctic,artico
precipitation,precipitazione
snowfall,nevicata
snowstorm / blizzard,tormenta
snowflake,fiocco di neve
icicle,ghiacciolo
black ice,ghiaccio nero / lastra di ghiaccio
to thaw,sgelare / sciogliersi
to freeze (weather),gelare
Wellington boots,stivali di gomma
sun hat,cappello da sole
to nod,annuire
to shake one's head,scuotere la testa
to shrug,alzare le spalle
to wink,fare l'occhiolino
to blink,sbattere le palpebre
to stare,fissare
to glare,lanciare un'occhiataccia
to wave (hello),fare ciao con la mano
to point (finger),indicare
to clap,applaudire
to snap one's fingers,schioccare le dita
to tap,tamburellare / picchiettare
to pat,accarezzare / dare una pacca
to stroke,accarezzare
to scratch,grattare
to rub,strofinare
to squeeze (hand),stringere
to shake hands,stringere la mano
to bow,inchinarsi
to kneel,inginocchiarsi
to crouch,abbassarsi / accovacciarsi
to lean,appoggiarsi
to fold one's arms,incrociare le braccia
to put one's hands on one's hips,mettere le mani sui fianchi
posture,postura
gesture,gesto
eye contact,contatto visivo
body language,linguaggio del corpo
facial expression,espressione facciale
frown,cipiglio
to frown,corrugare la fronte
to raise one's eyebrows,alzare le sopracciglia
to smirk,sorridere maliziosamente
to grimace,fare una smorfia
to pout,fare il broncio
hardly any,quasi niente
a few,alcuni / pochi
plenty of,molto / abbondante
a large number of,un gran numero di
a small number of,un piccolo numero di
all of,tutto / tutti
most of,la maggior parte di
some of,alcuni di / una parte di
none of,nessuno di
any (in questions),qualche / alcuno
any (in negatives),nessuno
as many as,tanti quanti
no more than,non più di
at least one,almeno uno
both of them,tutti e due / entrambi
neither of them,nessuno dei due
one of them,uno di loro
the rest of,il resto di
the rest,il resto
the whole,il tutto / l'intero
part of,una parte di
a bit of,un po' di
a great deal of,una grande quantità di
a number of,un certo numero di
the majority of,la maggioranza di
a minority of,una minoranza di
a proportion of,una proporzione di
twice as many,il doppio di
three times as many,il triplo di
half as many,la metà di
a quarter of,un quarto di
a third of,un terzo di
two thirds of,due terzi di
three quarters of,tre quarti di
in my opinion,secondo me / a mio avviso
I think that,penso che
I believe that,credo che
I feel that,sento che / mi sembra che
it seems to me that,mi sembra che
as far as I'm concerned,per quanto mi riguarda
from my point of view,dal mio punto di vista
frankly speaking,francamente
to tell the truth,a dire il vero
broadly speaking,in senso lato
to put it simply,in parole semplici
to put it another way,in altri termini
in a word,in una parola
in a nutshell,in breve / in sintesi
on the whole,nel complesso
by and large,nel complesso
all things considered,tutto sommato
to some extent,in una certa misura
to a large extent,in gran misura
to a small extent,in piccola misura
to a certain degree,in una certa misura
it goes without saying,va da sé
it is worth noting,vale la pena notare
it is important to note,è importante notare
on balance,tutto sommato
in the long term,a lungo termine
on the surface,in apparenza
underneath / deep down,in fondo
that said,detto ciò
with that in mind,tenendo ciò a mente
taking into account,tenendo conto di
to be fair,ad essere giusti
to be precise,per essere precisi
by comparison,per confronto
similarly,allo stesso modo
likewise,allo stesso modo
on a different note,cambiando argomento
speaking of which,a proposito
so to speak,per così dire
figuratively speaking,in senso figurato
literally speaking,in senso letterale
I agree,sono d'accordo
I disagree,non sono d'accordo
I'm not sure about that,non ne sono sicuro/a
I doubt it,ne dubito
That's a good point.,Ottimo punto.
That's debatable.,È discutibile.
It depends.,Dipende.
It varies.,Varia.
That's not necessarily true.,Non è necessariamente vero.
That's true to an extent.,È vero in parte.
On the one hand...,Da un lato...
On the other hand...,Dall'altro lato...
pros and cons,pro e contro
advantages and disadvantages,vantaggi e svantaggi
to weigh up,soppesare
to consider,considerare
to take into account,tenere conto di
to bear in mind,tenere a mente
to overlook,trascurare / ignorare
to underestimate,sottovalutare
to overestimate,sovrastimare
millimetre,millimetro
centimetre,centimetro
metre,metro
kilometre,chilometro
inch,pollice
foot (measurement),piede
yard,iarda
mile,miglio
square metre,metro quadrato
cubic metre,metro cubo
milligram,milligrammo
gram,grammo
kilogram,chilogrammo
tonne,tonnellata
ounce,oncia
pound (weight),libbra
millilitre,millilitro
centilitre,centilitro
litre,litro
gallon,gallone
pint,pinta
degree (temperature),grado
hertz,hertz
watt,watt
kilowatt,kilowatt
kilowatt-hour,chilowattora
volt,volt
ampere,ampere
ohm,ohm
megabyte,megabyte
gigabyte,gigabyte
terabyte,terabyte
megahertz,megahertz
gigahertz,gigahertz
depth,profondità
thickness,spessore
diameter,diametro
radius,raggio
circumference,circonferenza
area,area / superficie
volume,volume
capacity,capacità
density,densità
angle,angolo
degree (angle),grado
right angle,angolo retto
rectangle,rettangolo
square (shape),quadrato
oval,ovale
pentagon,pentagono
hexagon,esagono
sphere,sfera
cube (shape),cubo
cylinder,cilindro
cone,cono
pyramid,piramide
to measure (length),misurare
ruler,righello
tape measure,metro a nastro
scale (weight),bilancia
timer,timer
stopwatch,cronometro
How do you say...?,Come si dice...?
What does this mean?,Cosa significa?
I don't know.,Non lo so.
Possibly.,Probabilmente.
Of course.,Certo / Certamente.
Absolutely.,Assolutamente.
Exactly.,Esatto.
Not exactly.,Non esattamente.
More or less.,Più o meno.
Sort of.,In un certo senso.
Kind of.,In un certo qual modo.
Not really.,Non proprio.
Not at all.,Per niente.
I agree with you.,Sono d'accordo con te.
I disagree with you.,Non sono d'accordo con te.
You're wrong.,Hai torto.
That's not true.,Non è vero.
That's true.,È vero.
That's interesting.,È interessante.
That's strange.,È strano.
That doesn't make sense.,Non ha senso.
As you know...,Come sai...
As I said...,Come ho detto...
By the way...,A proposito...
Speaking of which...,A proposito di ciò...
Anyway...,Comunque...
What I mean is...,Quello che intendo è...
What I wanted to say is...,Quello che volevo dire è...
If I understand correctly...,Se capisco bene...
If I'm not mistaken...,Se non sbaglio...
Correct me if I'm wrong...,Correggimi se sbaglio...
Let me explain.,Lasciami spiegare.
Let me think about it.,Fammi pensare.
I'll get back to you on that.,Ti rispondo a breve.
I'll let you know.,Ti farò sapere.
I'll keep that in mind.,Lo terrò a mente.
Don't mention it.,Non c'è di che.
My pleasure.,Con piacere.
It was nothing.,Non è niente.
That's the least I could do.,Era il minimo che potevo fare.
Can I ask you something?,Posso chiederti una cosa?
Can you do me a favour?,Mi puoi fare un favore?
Could you help me?,Potresti aiutarmi?
Would you mind...?,Ti dispiacerebbe...?
I was wondering if...,Mi chiedevo se...
Would it be possible to...?,Sarebbe possibile...?
I'm afraid I can't.,Temo di non poter farlo.
I'd rather not.,Preferirei di no.
"I'd love to, but...","Mi piacerebbe, ma..."
"I wish I could, but...","Vorrei, ma..."
That's out of the question.,È fuori discussione.
That's a bad idea.,È una cattiva idea.
What do you reckon?,Cosa ne dici?
What do you suggest?,Cosa suggerisci?
What would you recommend?,Cosa consiglieresti?
In that case...,In tal caso...
If so...,Se è così...
Even so...,Anche così...
If not...,Altrimenti...
And yet...,Eppure...
But then again...,Ma d'altra parte...
To make matters worse...,Per di più...
To make things easier...,Per semplificare le cose...
reflection,riflesso
silhouette,silhouette
trace / track,traccia
mark,segno / macchia
spot / stain,macchia
scratch,graffio
crack,crepa
hole,buco
gap,spazio / lacuna
edge,bordo / margine
corner (edge),angolo / spigolo
tip (of finger),punta
base (bottom),base
surface,superficie
layer,strato
stage (phase),fase
step (process),passo
stage (theatre),palco
scene,scena
setting (context),contesto / ambientazione
background,sfondo
foreground,primo piano
middle ground,piano intermedio
point of view,punto di vista
perspective,prospettiva
focus,messa a fuoco / centro
detail,dettaglio
pattern,schema / motivo
structure,struttura
texture,texture / consistenza
colour scheme,combinazione di colori
contrast,contrasto
harmony,armonia
balance,equilibrio
proportion,proporzione
scale (size),scala
symbol,simbolo
sign (indicator),segnale
signal,segnale
code,codice
key (code),chiave
clue,indizio
hint,suggerimento / accenno
tip (advice),consiglio
trick,trucco
shortcut,scorciatoia
option,opzione
alternative,alternativa
approach,approccio
method,metodo
technique,tecnica
aim,scopo
purpose,scopo / fine
consequence,conseguenza
impact,impatto
influence,influenza
factor,fattore
aspect,aspetto
feature,caratteristica
property,proprietà
characteristic,caratteristica
advantage,vantaggio
disadvantage,svantaggio
benefit,beneficio / vantaggio
drawback,svantaggio / inconveniente
threat,minaccia
challenge,sfida
obstacle,ostacolo
issue,questione / problema
difficulty,difficoltà
trouble,problema / guaio
achievement,successo / traguardo
improvement,miglioramento
development,sviluppo
comparison,confronto
example,esempio
case,caso
situation,situazione
condition,condizione
circumstance,circostanza
context,contesto
environment (context),ambiente
atmosphere,atmosfera
mood (atmosphere),atmosfera / umore
tone,tono
style,stile
manner,maniera / modo
habit,abitudine
routine,routine
custom,usanza / costume
norm,norma
standard,standard
criterion,criterio
requirement,requisito
condition (requirement),condizione
term (condition),termine
deal,accordo
agreement,accordo
arrangement,accordo / intesa
compromise,compromesso
conflict,conflitto
debate,dibattito
argument (discussion),argomento / discussione
discussion,discussione
conversation,conversazione
dialogue,dialogo
speech,discorso
announcement,annuncio
statement,dichiarazione
report (news),notizia / rapporto
article,articolo
review (written),recensione
comment,commento
evaluation,valutazione
assessment,valutazione
judgement,giudizio
assumption,supposizione
prediction,previsione
expectation,aspettativa
ambition,ambizione
potential,potenziale
talent,talento
skill (specific),competenza / abilità
experience (professional),esperienza
expertise,competenza / esperienza
qualification,qualifica
ability,capacità
capability,capacità
effort,sforzo
attempt,tentativo
trial,tentativo / prova
test,test / prova
experiment (try),esperimento
chance,possibilità / caso
occasion,occasione
event,evento
incident,incidente
accident,incidente
disaster,disastro
catastrophe,catastrofe
tragedy,tragedia
misfortune,sfortuna
coincidence,coincidenza
fate,destino
wonder,meraviglia
miracle,miracolo
mystery,mistero
secret,segreto
reality,realtà
fact,fatto
proof,prova
rumour,voce / pettegolezzo
gossip (noun),pettegolezzo
news,notizie
headline,titolo
story,storia / notizia
myth,mito
legend,leggenda
tale,racconto / fiaba
story (narrative),storia
souvenir,souvenir / ricordo
note,nota / appunto
letter,lettera
notice,avviso
warning,avvertimento
instruction,istruzione
guide,guida
chart,grafico
table (data),tabella
list,lista / elenco
summary,riassunto / sommario
overview,panoramica
draft,bozza
version,versione
copy,copia
document,documento
record,registro
archive,archivio
spreadsheet,foglio di calcolo
presentation (doc),presentazione
report (document),rapporto / relazione
form,modulo
questionnaire,questionario
survey,sondaggio
contract (document),contratto
agreement (document),accordo
licence,licenza / patente
application (form),domanda / modulo
schedule,programma / orario
calendar,calendario
priority,priorità
urgency,urgenza
If I were you...,Se fossi in te...
If only...,Magari... / Se solo...
I wish I had...,Avrei voluto avere...
I should have...,Avrei dovuto...
I could have...,Avrei potuto...
I would have...,Avrei...
I might have...,Potrei aver...
I ought to...,Dovrei...
I'd better...,Farei meglio a...
I'd rather...,Preferirei...
I suppose...,Suppongo...
I guess...,Immagino... / Suppongo...
I reckon...,Penso... / Ritengo...
I'm afraid that...,Temo che...
I'm sure that...,Sono sicuro/a che...
I'm not sure whether...,Non sono sicuro/a se...
I'm convinced that...,Sono convinto/a che...
I'm aware that...,Sono consapevole che...
I'm surprised that...,Sono sorpreso/a che...
I was hoping that...,Speravo che...
I expected that...,Mi aspettavo che...
I noticed that...,Ho notato che...
It turns out that...,Si è scoperto che...
It seems that...,Sembra che...
It appears that...,Sembra che...
It's likely that...,È probabile che...
It's unlikely that...,È improbabile che...
It's possible that...,È possibile che...
It's impossible that...,È impossibile che...
It's important that...,È importante che...
It's essential that...,È essenziale che...
It's necessary that...,È necessario che...
It's worth...,Vale la pena...
It's not worth...,Non vale la pena...
It depends on...,Dipende da...
It has to do with...,Ha a che fare con...
It's related to...,È legato a...
It reminds me of...,Mi ricorda...
It makes me think of...,Mi fa pensare a...
It makes me feel...,Mi fa sentire...
It makes me happy/sad,Mi rende felice/triste
It caught my attention.,Ha attirato la mia attenzione.
It surprised me.,Mi ha sorpreso/a.
It impressed me.,Mi ha impressionato/a.
It annoyed me.,Mi ha infastidito/a.
It disappointed me.,Mi ha deluso/a.
It pleased me.,Mi ha fatto piacere.
It bothered me.,Mi ha disturbato/a.
It scared me.,Mi ha spaventato/a.
It made me laugh.,Mi ha fatto ridere.
It made me cry.,Mi ha fatto piangere.
tall,alto
short (height),basso
slim,magro / snello
overweight,sovrappeso
muscular,muscoloso
skinny,magro / ossuto
chubby,grassottello / paffuto
stocky,tarchiato
blonde,biondo
brunette,moro / castano
redhead,rosso
bald,calvo
curly-haired,riccio
straight-haired,con i capelli lisci
long-haired,con i capelli lunghi
short-haired,con i capelli corti
fair-skinned,di carnagione chiara
dark-skinned,di carnagione scura
freckled,lentigginoso
tanned,abbronzato
pale,pallido
good-looking,bello / attraente
plain-looking,di aspetto ordinario
well-built,ben fatto
athletic (physique),atletico
elderly,anziano
middle-aged,di mezza età
youthful,giovanile
teenage,adolescente
infant,infante / neonato
brand new,nuovo di zecca
second-hand (adj.),usato / di seconda mano
worn out,consumato / esausto
brand new (car),zero chilometri
up-to-date,aggiornato
out of date,obsoleto / scaduto
in fashion,di moda
out of fashion,fuori moda
on sale,in saldo / in offerta
full price,prezzo pieno
budget-friendly,economico
high-end,di fascia alta
entry-level,di base
premium,premium / di qualità superiore
user-friendly,facile da usare
complex (system),complesso
lightweight (product),leggero
compact,compatto
heavy-duty,robusto / professionale
ergonomic,ergonomico
noise-cancelling,a cancellazione del rumore
rechargeable,ricaricabile
solar-powered,a energia solare
battery-powered,a batteria
plug-in,da collegare alla rete
touch-screen,touch screen
voice-controlled,a controllo vocale
hands-free,vivavoce
built-in,incorporato
detachable,rimovibile / staccabile
foldable,pieghevole
adjustable,regolabile
expandable,espandibile
durable,durevole / resistente
fragile,fragile
biodegradable (adj.),biodegradabile
reusable,riutilizzabile
disposable,usa e getta / monouso
at the top of,in cima a
at the bottom of,in fondo a
at the beginning of,all'inizio di
at the end of,alla fine di
in the middle of,nel mezzo di
beside / next to,accanto a
across from,di fronte a
towards,verso
away from,lontano da
up to,fino a
down to,fino a
as far as,fino a
up until,fino a
for (duration),per / da
within,entro / all'interno di
beyond,oltre
past (position),oltre / dopo
underneath,sotto / al di sotto di
on top of,sopra / in cima a
into,in / dentro
out of,fuori da
onto,su
off (position),da / giù da
from...to,da...a
up and down,su e giù
back and forth,avanti e indietro
apart from,a parte
except for,eccetto / tranne
including,incluso / compreso
excluding,escluso
with regard to,riguardo a
in terms of,in termini di
in relation to,in relazione a
compared to,rispetto a
in addition to,oltre a
as well as (prep.),oltre a
owing to,a causa di
in case of,in caso di
in the event of,nel caso di
in charge of,responsabile di
in favour of,a favore di
against (opposed),contro
in exchange for,in cambio di
on account of,a causa di
for the sake of,per il bene di
so as to,così da / per
by means of,per mezzo di / tramite
with the help of,con l'aiuto di
regardless of,indipendentemente da
in spite of (prep.),nonostante / malgrado
on the basis of,sulla base di
in the light of,alla luce di
eleventh,undicesimo
twelfth,dodicesimo
twentieth,ventesimo
thirtieth,trentesimo
hundredth,centesimo
last,ultimo
next (order),prossimo
previous (order),precedente
once a day,una volta al giorno
twice a week,due volte alla settimana
one hundred,cento
one thousand,mille
ten thousand,diecimila
one hundred thousand,centomila
one million,un milione
one billion,un miliardo
nought / zero,zero
single (one),singolo / uno solo
dozens of,decine di
hundreds of,centinaia di
thousands of,migliaia di
millions of,milioni di
last month,il mese scorso
next month,il mese prossimo
this week,questa settimana
this month,questo mese
this year,quest'anno
this morning,stamattina
this afternoon,questo pomeriggio
this evening,stasera
tonight,stanotte / questa notte
midday / noon,mezzogiorno
dusk (evening),crepuscolo
at dawn,all'alba
at dusk,al crepuscolo
at noon,a mezzogiorno
at midnight,a mezzanotte
early morning,prima mattina
late at night,a notte fonda
broad daylight,pieno giorno
on weekdays,nei giorni feriali
on weekends,nel fine settimana
on Mondays,il lunedì
in summer,in estate
every week,ogni settimana
every month,ogni mese
every year,ogni anno
annually,annuale / ogni anno
quarterly,trimestrale
biannual,semestrale
at the moment,al momento / adesso
at the time,a quell'epoca
in those days,a quei tempi
these days,di questi tempi
back then,allora / a quei tempi
in the past,in passato
in the future,in futuro
shortly after,poco dopo
shortly before,poco prima
a while ago,un po' di tempo fa
a while later,un po' di tempo dopo
not long ago,non molto tempo fa
not long from now,tra non molto
by then,entro allora
by now (already),ormai
from time to time,di tanto in tanto
day by day,giorno per giorno
little by little,poco a poco
one by one,uno per uno
all at once,tutto in una volta
all of a sudden (time),all'improvviso
in no time,in un batter d'occhio
for a while,per un po'
for a long time,per molto tempo
for ages,da secoli
for good,per sempre
once and for all,una volta per tutte
never again,mai più
up until now,fino ad ora
from now on (time),da ora in poi
at some point,a un certo punto
as long ago as,già nel / fin dal
as recently as,già da / appena
in the meantime (time),nel frattempo
meanwhile (time),nel frattempo
simultaneously,contemporaneamente / allo stesso tempo
to exercise,fare esercizio / allenarsi
to work out,allenarsi
fitness,fitness
sick leave,congedo per malattia
to call in sick,chiamare per malattia
to be off sick,essere in malattia
to be hospitalised,essere ricoverato in ospedale
to be discharged,essere dimesso dall'ospedale
to have an operation,subire un'operazione
to undergo surgery,sottoporsi a un'operazione
to take medication,prendere medicinali
side effects,effetti collaterali
dosage,dosaggio
prescription (noun),ricetta medica
over the counter,senza ricetta
generic drug,farmaco generico
branded drug,farmaco di marca
capsule,capsula
syrup,sciroppo
booster (vaccine),dose di richiamo
allergy test,test allergologico
to be allergic to,essere allergico/a a
intolerance,intolleranza
lactose intolerance,intolleranza al lattosio
gluten intolerance,intolleranza al glutine
coeliac disease,celiachia
diabetes,diabete
hypertension,ipertensione
heart disease,malattia cardiaca
cancer,cancro / tumore
stroke,ictus
asthma,asma
arthritis,artrite
osteoporosis,osteoporosi
Alzheimer's,Alzheimer
Parkinson's,Parkinson
epilepsy,epilessia
migraine,emicrania
anxiety disorder,disturbo d'ansia
depression (clinical),depressione
burnout,burnout
stress (health),stress
insomnia,insonnia
eating disorder,disturbo alimentare
anorexia,anoressia
bulimia,bulimia
obesity,obesità
malnutrition,malnutrizione
dehydration,disidratazione
to stay hydrated,mantenersi idratato
to eat well,mangiare bene
physical health,salute fisica
wellbeing,benessere
self-care,cura di sé
therapy,terapia
counselling,consulenza / supporto psicologico
group therapy,terapia di gruppo
cognitive behavioural therapy,terapia cognitivo-comportamentale
mindfulness,mindfulness
meditation (health),meditazione
relaxation techniques,tecniche di rilassamento
to cope with,far fronte a
coping mechanism,strategia di coping
resilience,resilienza
emotional support,supporto emotivo
